work_date,rows,active,cancelled,other,couriers,emails
2026-09-01,0,0,0,0,0,0
2026-09-02,0,0,0,0,0,0
2026-09-03,0,0,0,0,0,0
2026-09-04,0,0,0,0,0,0
2026-09-05,0,0,0,0,0,0
2026-09-06,0,0,0,0,0,0
2026-09-07,0,0,0,0,0,0
2026-09-08,0,0,0,0,0,0
2026-09-09,0,0,0,0,0,0
2026-09-10,0,0,0,0,0,0
2026-09-11,0,0,0,0,0,0
2026-09-12,0,0,0,0,0,0
2026-09-13,0,0,0,0,0,0
2026-09-14,0,0,0,0,0,0
2026-09-15,0,0,0,0,0,0
2026-09-16,0,0,0,0,0,0
2026-09-17,0,0,0,0,0,0
2026-09-18,0,0,0,0,0,0
2026-09-19,0,0,0,0,0,0
2026-09-20,0,0,0,0,0,0
2026-09-21,0,0,0,0,0,0
2026-09-22,0,0,0,0,0,0
2026-09-23,0,0,0,0,0,0
2026-09-24,6,4,2,0,0,2
2026-09-25,13,7,6,0,0,3
2026-09-26,20,15,5,0,0,7
2026-09-27,12,11,1,0,0,5
2026-09-28,15,13,2,0,0,5
2026-09-29,10,10,0,0,0,4
2026-09-30,16,13,3,0,0,5
2026-10-01,5,5,0,0,0,2
2026-10-02,9,9,0,0,0,3
2026-10-03,9,9,0,0,0,3
2026-10-04,7,7,0,0,0,2
2026-10-05,10,10,0,0,0,3
2026-10-06,3,3,0,0,0,1
2026-10-07,3,3,0,0,0,1
2026-10-08,6,6,0,0,0,2
2026-10-09,10,10,0,0,0,3
2026-10-10,11,11,0,0,0,3
2026-10-11,7,7,0,0,0,2
2026-10-12,10,10,0,0,0,3
2026-10-13,3,2,1,0,0,2
2026-10-14,0,0,0,0,0,0
2026-10-15,3,3,0,0,0,1
2026-10-16,6,6,0,0,0,2
2026-10-17,3,3,0,0,0,1
2026-10-18,3,3,0,0,0,1
2026-10-19,8,8,0,0,0,3
2026-10-20,2,2,0,0,0,1
2026-10-21,5,5,0,0,0,2
2026-10-22,5,5,0,0,0,2
2026-10-23,0,0,0,0,0,0
2026-10-24,7,7,0,0,0,2
2026-10-25,8,6,2,0,0,3
2026-10-26,8,8,0,0,0,3
2026-10-27,2,2,0,0,0,1
2026-10-28,2,2,0,0,0,1
2026-10-29,5,5,0,0,0,2
2026-10-30,8,8,0,0,0,3
2026-10-31,3,3,0,0,0,1
