id,source_name,source_row,timestamp_text,work_date,email,shift_text,warehouse,booking_code,admin_recorder,giriton_uploaded,system_check,legacy_key,courier_id,courier_name,serial,status,event_type,cancelled_at,cancelled_by,response_json,fetched_at,created_at,updated_at
88133ab6-a155-4546-8855-27ee1fc710b5,google-sheet-muszakpro-foglalasok,,,2026-09-24,farkas.zsolti@gmail.com,BUD1_17:30,BUD1,OK-0923.1100-CS3O1,,,,,,,,ACTIVE,BOOK,,,{},2026-09-23T09:00:11.098665+00:00,2026-09-23T09:00:11.098665+00:00,2026-09-23T09:00:11.098665+00:00
8572f2d0-e07c-4d29-9257-a6c2ab4fd3d3,google-sheet-muszakpro-foglalasok,,,2026-09-24,farkas.zsolti@gmail.com,BUD1_12:45,BUD1,OK-0923.1059-GK845,,,,,,,,ACTIVE,BOOK,,,{},2026-09-23T08:59:49.514042+00:00,2026-09-23T08:59:49.514042+00:00,2026-09-23T08:59:49.514042+00:00
14bfb4f7-6142-4deb-a985-e154e0f80e5c,google-sheet-muszakpro-foglalasok,,,2026-09-24,gergelymarkbader@gmail.com,BUD2_9:30,BUD2,OK-0923.1116-NSMOU,zoltan.bagoly@jitt.hu,,,,,,,ACTIVE,BOOK,,,{},2026-09-23T09:16:27.546305+00:00,2026-09-23T09:16:27.546305+00:00,2026-09-23T09:16:27.546305+00:00
aec7fb9d-b496-4c62-ab3d-fac7d8fef95b,google-sheet-muszakpro-foglalasok,,,2026-09-24,gergelymarkbader@gmail.com,BUD2_6:15,BUD2,OK-0919_0923-VYCZZ,zoltan.bagoly@jitt.hu,,,,,,,TÖRÖLVE,DELETE,2026-09-23T09:15:47.045+00:00,zoltan.bagoly@jitt.hu,{},2026-09-23T09:15:47.61768+00:00,2026-09-23T09:15:47.61768+00:00,2026-09-23T09:15:47.61768+00:00
e776a242-bebb-4ab4-8b1d-b9c7dc17669f,google-sheet-muszakpro-foglalasok,,,2026-09-24,gergelymarkbader@gmail.com,BUD2_11:30,BUD2,OK-0919_0923-7IUE5,zoltan.bagoly@jitt.hu,,,,,,,TÖRÖLVE,DELETE,2026-09-23T09:16:16.658+00:00,zoltan.bagoly@jitt.hu,{},2026-09-23T09:16:16.789479+00:00,2026-09-23T09:16:16.789479+00:00,2026-09-23T09:16:16.789479+00:00
590ac9b0-8bab-4264-be46-cbaa96cc69c0,google-sheet-muszakpro-foglalasok,,,2026-09-24,gergelymarkbader@gmail.com,BUD2_4:30,BUD2,TF-0923.1116-2DTBK,zoltan.bagoly@jitt.hu,,,,,,,ACTIVE,BOOK,,,{},2026-09-23T09:16:21.469526+00:00,2026-09-23T09:16:21.469526+00:00,2026-09-23T09:16:21.469526+00:00
a0d46620-3622-4168-a152-4026eaa8057c,google-sheet-muszakpro-foglalasok,,,2026-09-25,andras.hohmann@gmail.com,BUD2_8:45,BUD2,OK-0924_1516-R0T7X,zoltan.bagoly@jitt.hu,,,,,,,ACTIVE,BOOK,,,{},2026-09-24T13:16:11.497858+00:00,2026-09-24T13:16:11.497858+00:00,2026-09-24T13:16:11.497858+00:00
34db834f-85b4-4b7e-ab91-3168269bcdac,google-sheet-muszakpro-foglalasok,,,2026-09-25,andras.hohmann@gmail.com,BUD2_5:45,BUD2,OK-0904_2118-SQX8A,zoltan.bagoly@jitt.hu,,,,,,,TÖRÖLVE,DELETE,2026-09-24T13:15:53.575+00:00,zoltan.bagoly@jitt.hu,{},2026-09-24T13:15:56.089787+00:00,2026-09-24T13:15:56.089787+00:00,2026-09-24T13:15:56.089787+00:00
8a8b4ce4-2ade-41d9-b8b3-651ef274a005,google-sheet-muszakpro-foglalasok,,,2026-09-25,farkas.zsolti@gmail.com,BUD1_9:45,BUD1,OK-0923.1100-ST5VT,,,,,,,,ACTIVE,BOOK,,,{},2026-09-23T09:00:38.737186+00:00,2026-09-23T09:00:38.737186+00:00,2026-09-23T09:00:38.737186+00:00
8ba6014d-2e9a-4fa0-b990-411b54450fcf,google-sheet-muszakpro-foglalasok,,,2026-09-25,farkas.zsolti@gmail.com,BUD1_14:30,BUD1,OK-0923.1100-RBQ07,,,,,,,,ACTIVE,BOOK,,,{},2026-09-23T09:00:51.402349+00:00,2026-09-23T09:00:51.402349+00:00,2026-09-23T09:00:51.402349+00:00
f71f5002-3929-462b-80d8-1947deb1dc72,google-sheet-muszakpro-foglalasok,,,2026-09-25,farkas.zsolti@gmail.com,BUD1_19:15,BUD1,OK-0923.1100-8K1Z2,,,,,,,,ACTIVE,BOOK,,,{},2026-09-23T09:00:57.869001+00:00,2026-09-23T09:00:57.869001+00:00,2026-09-23T09:00:57.869001+00:00
31a0d3ec-597a-4c0f-b87f-2853d8fb77a2,google-sheet-muszakpro-foglalasok,,,2026-09-25,marksz0430@gmail.com,BUD1_14:00,BUD1,OK-0924_2008-L2H07,zoltan.bagoly@jitt.hu,,,,,,,ACTIVE,BOOK,,,{},2026-09-24T18:08:41.384086+00:00,2026-09-24T18:08:41.384086+00:00,2026-09-24T18:08:41.384086+00:00
ab94d46c-0e33-4ff0-9fbd-2e7ca888ad4e,google-sheet-muszakpro-foglalasok,,,2026-09-25,marksz0430@gmail.com,BUD1_18:30,BUD1,OK-0905_1420-K9NZV,zoltan.bagoly@jitt.hu,,,,,,,TÖRÖLVE,DELETE,2026-09-23T11:01:38.622+00:00,zoltan.bagoly@jitt.hu,{},2026-09-23T11:01:42.162138+00:00,2026-09-23T11:01:42.162138+00:00,2026-09-23T11:01:42.162138+00:00
66a099c6-a5b7-4b5b-bf19-65e1085aadeb,google-sheet-muszakpro-foglalasok,,,2026-09-25,marksz0430@gmail.com,BUD1_13:30,BUD1,OK-0905_1420-ZP2U1,zoltan.bagoly@jitt.hu,,,,,,,TÖRÖLVE,DELETE,2026-09-23T11:01:38.621+00:00,zoltan.bagoly@jitt.hu,{},2026-09-23T11:01:42.162138+00:00,2026-09-23T11:01:42.162138+00:00,2026-09-23T11:01:42.162138+00:00
950eb91f-7703-48ec-a2e4-4361795cb95f,google-sheet-muszakpro-foglalasok,,,2026-09-25,marksz0430@gmail.com,BUD1_8:45,BUD1,OK-0922_2001-6G2AZ,zoltan.bagoly@jitt.hu,,,,,,,TÖRÖLVE,DELETE,2026-09-23T11:01:38.527+00:00,zoltan.bagoly@jitt.hu,{},2026-09-23T11:01:42.162138+00:00,2026-09-23T11:01:42.162138+00:00,2026-09-23T11:01:42.162138+00:00
292958af-7749-4d53-a40e-12edaa0ed697,google-sheet-muszakpro-foglalasok,,,2026-09-25,marksz0430@gmail.com,BUD1_7:30,BUD1,OK-0924_1522-29K0F,zoltan.bagoly@jitt.hu,,,,,,,ACTIVE,BOOK,,,{},2026-09-24T13:22:51.430971+00:00,2026-09-24T13:22:51.430971+00:00,2026-09-24T13:22:51.430971+00:00
36f87759-3e23-4c1b-ae8e-71a2bd060d5e,google-sheet-muszakpro-foglalasok,,,2026-09-25,marksz0430@gmail.com,BUD1_12:45,BUD1,OK-0924_1523-UZGVJ,zoltan.bagoly@jitt.hu,,,,,,,TÖRÖLVE,DELETE,2026-09-24T18:08:15.465+00:00,zoltan.bagoly@jitt.hu,{},2026-09-24T13:23:07.0588+00:00,2026-09-24T13:23:07.0588+00:00,2026-09-24T13:23:07.0588+00:00
61739c94-d6d1-4ef9-a01f-6f127f760d84,google-sheet-muszakpro-foglalasok,,,2026-09-25,marksz0430@gmail.com,BUD1_19:00,BUD1,OK-0924_2008-F55SB,zoltan.bagoly@jitt.hu,,,,,,,ACTIVE,BOOK,,,{},2026-09-24T18:08:55.318739+00:00,2026-09-24T18:08:55.318739+00:00,2026-09-24T18:08:55.318739+00:00
dedf4bf2-ad54-431e-91c4-d86daff0ab97,google-sheet-muszakpro-foglalasok,,,2026-09-25,marksz0430@gmail.com,BUD1_17:45,BUD1,OK-0924_1523-GVSM9,zoltan.bagoly@jitt.hu,,,,,,,TÖRÖLVE,DELETE,2026-09-24T18:08:15.475+00:00,zoltan.bagoly@jitt.hu,{},2026-09-24T13:23:13.739752+00:00,2026-09-24T13:23:13.739752+00:00,2026-09-24T13:23:13.739752+00:00
9f32a8c6-3002-4106-a7d4-b51634d604c4,google-sheet-muszakpro-foglalasok,,,2026-09-26,abonyi.gyorgy.1998@gmail.com,BUD1_18:30,BUD1,OK-0925_1248-BUZJH,,,,,,,,ACTIVE,BOOK,,,{},2026-09-25T10:48:02.446094+00:00,2026-09-25T10:48:02.446094+00:00,2026-09-25T10:48:02.446094+00:00
c4c703f2-4fef-4017-862a-19bc10c0af6a,google-sheet-muszakpro-foglalasok,,,2026-09-26,abonyi.gyorgy.1998@gmail.com,BUD1_13:45,BUD1,OK-0925_1247-25LS5,,,,,,,,ACTIVE,BOOK,,,{},2026-09-25T10:47:58.828047+00:00,2026-09-25T10:47:58.828047+00:00,2026-09-25T10:47:58.828047+00:00
db14b145-9dd0-452d-a548-10c89089edf6,google-sheet-muszakpro-foglalasok,,,2026-09-26,farkas.zsolti@gmail.com,BUD1_9:45,BUD1,OK-0923.1101-VOHIW,,,,,,,,ACTIVE,BOOK,,,{},2026-09-23T09:01:24.160702+00:00,2026-09-23T09:01:24.160702+00:00,2026-09-23T09:01:24.160702+00:00
26c2c155-c82e-440f-b206-bf1bca21a7bc,google-sheet-muszakpro-foglalasok,,,2026-09-26,farkas.zsolti@gmail.com,BUD1_15:45,BUD1,OK-0923.1101-0XNAP,,,,,,,,ACTIVE,BOOK,,,{},2026-09-23T09:01:53.35433+00:00,2026-09-23T09:01:53.35433+00:00,2026-09-23T09:01:53.35433+00:00
4039f0e3-5071-4a51-a22d-05cefea0b82c,google-sheet-muszakpro-foglalasok,,,2026-09-26,farkas.zsolti@gmail.com,BUD1_20:30,BUD1,OK-0923.1101-7SMQK,,,,,,,,ACTIVE,BOOK,,,{},2026-09-23T09:02:00.001016+00:00,2026-09-23T09:02:00.001016+00:00,2026-09-23T09:02:00.001016+00:00
6b88e5da-f370-487f-b184-26ada914f6a5,google-sheet-muszakpro-foglalasok,,,2026-09-26,gaszabo27@gmail.com,BUD1_18:00,BUD1,OK-0924.1229-C1YN1,zsolt.elo@jitt.hu,,,,,,,TÖRÖLVE,DELETE,2026-09-24T10:31:52.174+00:00,zsolt.elo@jitt.hu,{},2026-09-24T10:29:47.778509+00:00,2026-09-24T10:29:47.778509+00:00,2026-09-24T10:29:47.778509+00:00
1eaeffca-3ff4-4feb-ac84-186483507dfc,google-sheet-muszakpro-foglalasok,,,2026-09-26,gaszabo27@gmail.com,BUD1_13:00,BUD1,OK-0924.1229-QYK7U,zsolt.elo@jitt.hu,,,,,,,TÖRÖLVE,DELETE,2026-09-24T10:31:30.099+00:00,zsolt.elo@jitt.hu,{},2026-09-24T10:29:16.988674+00:00,2026-09-24T10:29:16.988674+00:00,2026-09-24T10:29:16.988674+00:00
0848ab79-6ef3-4f58-901b-76021528156c,google-sheet-muszakpro-foglalasok,,,2026-09-26,gaszabo27@gmail.com,BUD2_17:15,BUD2,OK-0924.1233-8SUH3,zsolt.elo@jitt.hu,,,,,,,ACTIVE,BOOK,,,{},2026-09-24T10:33:18.76853+00:00,2026-09-24T10:33:18.76853+00:00,2026-09-24T10:33:18.76853+00:00
e66df04d-c421-470f-8528-fdd0b4ec8c47,google-sheet-muszakpro-foglalasok,,,2026-09-26,gaszabo27@gmail.com,BUD2_12:30,BUD2,OK-0924.1232-8SUT2,zsolt.elo@jitt.hu,,,,,,,ACTIVE,BOOK,,,{},2026-09-24T10:32:50.679118+00:00,2026-09-24T10:32:50.679118+00:00,2026-09-24T10:32:50.679118+00:00
e3f5a41c-c362-4646-996a-33a947efbe50,google-sheet-muszakpro-foglalasok,,,2026-09-26,gergelymarkbader@gmail.com,BUD2_6:00,BUD2,OK-0925_0751-6X6SM,zsolt.elo@jitt.hu,,,,,,,ACTIVE,BOOK,,,{},2026-09-25T05:51:49.532085+00:00,2026-09-25T05:51:49.532085+00:00,2026-09-25T05:51:49.532085+00:00
79dede65-0524-40d5-8fd4-bca9dc0a7905,google-sheet-muszakpro-foglalasok,,,2026-09-26,gergelymarkbader@gmail.com,BUD2_11:15,BUD2,OK-0925_0752-YUAAY,zsolt.elo@jitt.hu,,,,,,,ACTIVE,BOOK,,,{},2026-09-25T05:52:08.472535+00:00,2026-09-25T05:52:08.472535+00:00,2026-09-25T05:52:08.472535+00:00
7041bde1-3371-4d39-8a71-27f1da459408,google-sheet-muszakpro-foglalasok,,,2026-09-26,gergelymarkbader@gmail.com,BUD2_16:00,BUD2,OK-0925_0752-HIVLI,zsolt.elo@jitt.hu,,,,,,,ACTIVE,BOOK,,,{},2026-09-25T05:52:12.330881+00:00,2026-09-25T05:52:12.330881+00:00,2026-09-25T05:52:12.330881+00:00
6ca5b440-dece-4aee-a3dd-3503bcc1a554,google-sheet-muszakpro-foglalasok,,,2026-09-26,marcell.fabo@gmail.com,BUD1_9:30,BUD1,OK-0925_1554-3VDUL,zoltan.bagoly@jitt.hu,,,,,,,ACTIVE,BOOK,,,{},2026-09-25T13:54:20.693339+00:00,2026-09-25T13:54:20.693339+00:00,2026-09-25T13:54:20.693339+00:00
ba3d84b7-1bb3-4314-a3fd-ecdc6ed74c0c,google-sheet-muszakpro-foglalasok,,,2026-09-26,marcell.fabo@gmail.com,BUD1_15:15,BUD1,OK-0925_1619-V8HIY,zoltan.bagoly@jitt.hu,,,,,,,ACTIVE,BOOK,,,{},2026-09-25T14:19:21.953725+00:00,2026-09-25T14:19:21.953725+00:00,2026-09-25T14:19:21.953725+00:00
2201d7c5-69d4-4ba3-87ac-b4c1d5044306,google-sheet-muszakpro-foglalasok,,,2026-09-26,marcell.fabo@gmail.com,BUD1_6:00,BUD1,OK-0908_0554-BXHJF,zoltan.bagoly@jitt.hu,,,,,,,TÖRÖLVE,DELETE,2026-09-25T13:50:52.098+00:00,zoltan.bagoly@jitt.hu,{},2026-09-25T13:50:54.481717+00:00,2026-09-25T13:50:54.481717+00:00,2026-09-25T13:50:54.481717+00:00
49c5792d-f01b-4f1e-b0ac-0d5c6de2ad1f,google-sheet-muszakpro-foglalasok,,,2026-09-26,marcell.fabo@gmail.com,BUD1_11:00,BUD1,OK-0908_0554-WY9XR,zoltan.bagoly@jitt.hu,,,,,,,TÖRÖLVE,DELETE,2026-09-25T13:50:52.1+00:00,zoltan.bagoly@jitt.hu,{},2026-09-25T13:50:54.481717+00:00,2026-09-25T13:50:54.481717+00:00,2026-09-25T13:50:54.481717+00:00
0f7b1391-b4a1-4cf5-b7b3-9e7bafab6937,google-sheet-muszakpro-foglalasok,,,2026-09-26,marcell.fabo@gmail.com,BUD1_9:30,BUD1,TF-0925_1552-LSTL9,zoltan.bagoly@jitt.hu,,,,,,,TÖRÖLVE,DELETE,2026-09-25T13:52:24.761+00:00,zoltan.bagoly@jitt.hu,{},2026-09-25T13:52:06.371847+00:00,2026-09-25T13:52:06.371847+00:00,2026-09-25T13:52:06.371847+00:00
05bfa66e-2f51-44b8-b5a9-d987189c2e1e,google-sheet-muszakpro-foglalasok,,,2026-09-26,marksz0430@gmail.com,REG_Kecskemét_DE,BUD1,OK-0925_1618-WC5J4,zoltan.bagoly@jitt.hu,,,,,,,ACTIVE,BOOK,,,{},2026-09-25T14:18:38.992863+00:00,2026-09-25T14:18:38.992863+00:00,2026-09-25T14:18:38.992863+00:00
65a033bf-c086-40ab-b963-7ddcdbcfb3ef,google-sheet-muszakpro-foglalasok,,,2026-09-26,prantnerpeti@gmail.com,REG_Kecskemét_DU,BUD1,OK-0925_1505-8HVJP,zoltan.bagoly@jitt.hu,,,,,,,ACTIVE,BOOK,,,{},2026-09-25T13:05:18.775477+00:00,2026-09-25T13:05:18.775477+00:00,2026-09-25T13:05:18.775477+00:00
a1ae06b3-0855-4677-82ec-033d7877db34,google-sheet-muszakpro-foglalasok,,,2026-09-26,prantnerpeti@gmail.com,REG_Kecskemét_DE,BUD1,OK-0925_1501-10LRX,zsolt.elo@jitt.hu,,,,,,,ACTIVE,BOOK,,,{},2026-09-25T13:01:51.07948+00:00,2026-09-25T13:01:51.07948+00:00,2026-09-25T13:01:51.07948+00:00
79b95523-53ec-488a-b150-0032666d2524,google-sheet-muszakpro-foglalasok,,,2026-09-27,akos.blaschek@gmail.com,BUD1_14:45,BUD1,OK-0925_1532-BU0DH,zsolt.elo@jitt.hu,,,,,,,TÖRÖLVE,DELETE,2026-09-25T13:34:35.207+00:00,zsolt.elo@jitt.hu,{},2026-09-25T13:32:38.880625+00:00,2026-09-25T13:32:38.880625+00:00,2026-09-25T13:32:38.880625+00:00
c6b3d41b-7129-4b46-9d8d-84711f96a2da,google-sheet-muszakpro-foglalasok,,,2026-09-27,akos.blaschek@gmail.com,BUD1_14:45,BUD1,OK-0925_1535-CUQQG,zsolt.elo@jitt.hu,,,,,,,ACTIVE,BOOK,,,{},2026-09-25T13:35:44.492421+00:00,2026-09-25T13:35:44.492421+00:00,2026-09-25T13:35:44.492421+00:00
4c9950ec-a4ef-4e7f-9eb7-5818c36079a5,google-sheet-muszakpro-foglalasok,,,2026-09-27,akos.blaschek@gmail.com,BUD1_20:00,BUD1,OK-0925_1536-KUONT,zsolt.elo@jitt.hu,,,,,,,ACTIVE,BOOK,,,{},2026-09-25T13:36:10.855591+00:00,2026-09-25T13:36:10.855591+00:00,2026-09-25T13:36:10.855591+00:00
34e9f346-a37d-4991-a2a5-589d23db3c9c,google-sheet-muszakpro-foglalasok,,,2026-09-27,birojozsi6@gmail.com,BUD1_14:15,BUD1,OK-0925_1229-SPSQ8,zsolt.elo@jitt.hu,,,,,,,ACTIVE,BOOK,,,{},2026-09-25T10:29:12.0051+00:00,2026-09-25T10:29:12.0051+00:00,2026-09-25T10:29:12.0051+00:00
1c1e42e8-d417-4a71-9915-2a86cab7df02,google-sheet-muszakpro-foglalasok,,,2026-09-27,birojozsi6@gmail.com,BUD1_19:45,BUD1,OK-0925_1229-JA12K,zsolt.elo@jitt.hu,,,,,,,ACTIVE,BOOK,,,{},2026-09-25T10:29:47.340375+00:00,2026-09-25T10:29:47.340375+00:00,2026-09-25T10:29:47.340375+00:00
9b362971-407b-4878-9e8e-09f4cb823d48,google-sheet-muszakpro-foglalasok,,,2026-09-27,birojozsi6@gmail.com,REG_Kecskemét_DE,BUD1,OK-0925_1526-14DOA,zoltan.bagoly@jitt.hu,,,,,,,ACTIVE,BOOK,,,{},2026-09-25T13:26:17.672797+00:00,2026-09-25T13:26:17.672797+00:00,2026-09-25T13:26:17.672797+00:00
544db4d8-d62d-4534-ab0a-72c75e3539c6,google-sheet-muszakpro-foglalasok,,,2026-09-27,farkas.zsolti@gmail.com,BUD1_9:45,BUD1,OK-0923.1102-ZLHGO,,,,,,,,ACTIVE,BOOK,,,{},2026-09-23T09:02:20.777682+00:00,2026-09-23T09:02:20.777682+00:00,2026-09-23T09:02:20.777682+00:00
3f107425-3388-4dee-a318-e26cbb19c805,google-sheet-muszakpro-foglalasok,,,2026-09-27,farkas.zsolti@gmail.com,BUD1_14:30,BUD1,OK-0923.1102-H28HY,,,,,,,,ACTIVE,BOOK,,,{},2026-09-23T09:02:33.871377+00:00,2026-09-23T09:02:33.871377+00:00,2026-09-23T09:02:33.871377+00:00
d6208de9-5295-4d77-aa18-257bf29cbe57,google-sheet-muszakpro-foglalasok,,,2026-09-27,farkas.zsolti@gmail.com,BUD1_19:15,BUD1,OK-0923.1102-WZ0LI,,,,,,,,ACTIVE,BOOK,,,{},2026-09-23T09:02:42.927425+00:00,2026-09-23T09:02:42.927425+00:00,2026-09-23T09:02:42.927425+00:00
3fc29c79-496e-4d93-a900-d51411963092,google-sheet-muszakpro-foglalasok,,,2026-09-27,rusvai.marcell3@gmail.com,REG_Kecskemét_DU,BUD1,OK-0925_1511-MMJOY,zoltan.bagoly@jitt.hu,,,,,,,ACTIVE,BOOK,,,{},2026-09-25T13:11:42.192131+00:00,2026-09-25T13:11:42.192131+00:00,2026-09-25T13:11:42.192131+00:00
4c7c9d43-a492-4091-9123-7fc2239ed742,google-sheet-muszakpro-foglalasok,,,2026-09-27,szikszaiferenc17@gmail.com,REG_Kecskemét_DE,BUD1,OK-0925_1511-TOJ5G,zsolt.elo@jitt.hu,,,,,,,ACTIVE,BOOK,,,{},2026-09-25T13:11:08.810349+00:00,2026-09-25T13:11:08.810349+00:00,2026-09-25T13:11:08.810349+00:00
e15c8980-31cf-487c-830a-6e2e2a2861fa,google-sheet-muszakpro-foglalasok,,,2026-09-27,szikszaiferenc17@gmail.com,REG_Kecskemét_DU,BUD1,OK-0925_1512-EXIH6,zoltan.bagoly@jitt.hu,,,,,,,ACTIVE,BOOK,,,{},2026-09-25T13:12:23.327546+00:00,2026-09-25T13:12:23.327546+00:00,2026-09-25T13:12:23.327546+00:00
18fe967d-bcf8-4c21-8936-508528481738,google-sheet-muszakpro-foglalasok,,,2026-09-28,farkas.zsolti@gmail.com,BUD1_10:15,BUD1,OK-0923.1103-BGPTR,,,,,,,,ACTIVE,BOOK,,,{},2026-09-23T09:03:28.689026+00:00,2026-09-23T09:03:28.689026+00:00,2026-09-23T09:03:28.689026+00:00
250411fd-627b-4ff3-8713-50b6493da698,google-sheet-muszakpro-foglalasok,,,2026-09-28,farkas.zsolti@gmail.com,BUD1_19:45,BUD1,OK-0923.1103-7KWBP,,,,,,,,ACTIVE,BOOK,,,{},2026-09-23T09:03:37.825602+00:00,2026-09-23T09:03:37.825602+00:00,2026-09-23T09:03:37.825602+00:00
73015a9d-53d2-46e7-ba88-977c18ae75ce,google-sheet-muszakpro-foglalasok,,,2026-09-28,farkas.zsolti@gmail.com,BUD1_15:00,BUD1,OK-0923.1103-9VTWF,,,,,,,,ACTIVE,BOOK,,,{},2026-09-23T09:03:33.848567+00:00,2026-09-23T09:03:33.848567+00:00,2026-09-23T09:03:33.848567+00:00
868d47e7-d6f3-4988-91dc-e75e003f43dc,google-sheet-muszakpro-foglalasok,,,2026-09-28,gaszabo27@gmail.com,BUD2_6:45,BUD2,OK-0924.1233-W04Y2,zsolt.elo@jitt.hu,,,,,,,ACTIVE,BOOK,,,{},2026-09-24T10:33:38.089071+00:00,2026-09-24T10:33:38.089071+00:00,2026-09-24T10:33:38.089071+00:00
7be33cb5-7e8e-474e-87e4-9199a3b752fe,google-sheet-muszakpro-foglalasok,,,2026-09-28,gaszabo27@gmail.com,BUD2_17:30,BUD2,OK-0924.1234-2LJWB,zsolt.elo@jitt.hu,,,,,,,ACTIVE,BOOK,,,{},2026-09-24T10:34:06.074121+00:00,2026-09-24T10:34:06.074121+00:00,2026-09-24T10:34:06.074121+00:00
bd34d8fe-6a39-457b-a81b-b20a9f40df4a,google-sheet-muszakpro-foglalasok,,,2026-09-28,gaszabo27@gmail.com,BUD2_12:30,BUD2,OK-0924.1234-S2WGS,zsolt.elo@jitt.hu,,,,,,,ACTIVE,BOOK,,,{},2026-09-24T10:34:01.954185+00:00,2026-09-24T10:34:01.954185+00:00,2026-09-24T10:34:01.954185+00:00
88d9cc72-5f12-453f-b75c-a8fbd5c0ec73,google-sheet-muszakpro-foglalasok,,,2026-09-28,kiss.csaba.work@gmail.com,BUD1_18:30,BUD1,OK-0924_2101-N9086,,,,,,,,ACTIVE,BOOK,,,{},2026-09-24T19:01:37.914574+00:00,2026-09-24T19:01:37.914574+00:00,2026-09-24T19:01:37.914574+00:00
178db2b7-48e8-4ad9-9f41-051ced514fff,google-sheet-muszakpro-foglalasok,,,2026-09-28,kiss.csaba.work@gmail.com,BUD1_13:45,BUD1,OK-0924_2101-MV1G6,,,,,,,,ACTIVE,BOOK,,,{},2026-09-24T19:01:33.092466+00:00,2026-09-24T19:01:33.092466+00:00,2026-09-24T19:01:33.092466+00:00
9e4cb943-70b6-4993-87b8-2fe33664b820,google-sheet-muszakpro-foglalasok,,,2026-09-28,marcell.fabo@gmail.com,BUD1_6:45,BUD1,OK-0925_1549-5WELM,zoltan.bagoly@jitt.hu,,,,,,,ACTIVE,BOOK,,,{},2026-09-25T13:49:39.361185+00:00,2026-09-25T13:49:39.361185+00:00,2026-09-25T13:49:39.361185+00:00
b6e8318d-6034-407e-a7ec-f0d0aae75296,google-sheet-muszakpro-foglalasok,,,2026-09-28,marcell.fabo@gmail.com,BUD1_11:45,BUD1,OK-0925_1549-I5CS1,zoltan.bagoly@jitt.hu,,,,,,,ACTIVE,BOOK,,,{},2026-09-25T13:49:52.934406+00:00,2026-09-25T13:49:52.934406+00:00,2026-09-25T13:49:52.934406+00:00
13ac08bd-ae43-4f50-a0b6-a93c0eeb2de8,google-sheet-muszakpro-foglalasok,,,2026-09-28,marcell.fabo@gmail.com,BUD1_6:45,BUD1,OK-0908_0556-ZG842,zoltan.bagoly@jitt.hu,,,,,,,TÖRÖLVE,DELETE,2026-09-25T13:48:16.863+00:00,zoltan.bagoly@jitt.hu,{},2026-09-25T13:48:19.589652+00:00,2026-09-25T13:48:19.589652+00:00,2026-09-25T13:48:19.589652+00:00
5810bb2c-85e1-4ba0-98fb-788a2dd57e0a,google-sheet-muszakpro-foglalasok,,,2026-09-28,marcell.fabo@gmail.com,BUD1_11:45,BUD1,OK-0908_0556-GVS64,zoltan.bagoly@jitt.hu,,,,,,,TÖRÖLVE,DELETE,2026-09-25T13:48:16.868+00:00,zoltan.bagoly@jitt.hu,{},2026-09-25T13:48:19.589652+00:00,2026-09-25T13:48:19.589652+00:00,2026-09-25T13:48:19.589652+00:00
0ba40c26-9a53-4988-a11f-8a80e52e04df,google-sheet-muszakpro-foglalasok,,,2026-09-28,mordzsi71@gmail.com,BUD1_15:15,BUD1,OK-0924.0950-EM82F,zsolt.elo@jitt.hu,,,,,,,ACTIVE,BOOK,,,{},2026-09-24T07:50:57.455782+00:00,2026-09-24T07:50:57.455782+00:00,2026-09-24T07:50:57.455782+00:00
1b228989-3f6b-4c66-b4e6-da38476233f4,google-sheet-muszakpro-foglalasok,,,2026-09-28,mordzsi71@gmail.com,BUD1_10:30,BUD1,OK-0924.0950-MNT0H,zsolt.elo@jitt.hu,,,,,,,ACTIVE,BOOK,,,{},2026-09-24T07:50:50.152654+00:00,2026-09-24T07:50:50.152654+00:00,2026-09-24T07:50:50.152654+00:00
428481d4-beba-4087-89e5-501209e13321,google-sheet-muszakpro-foglalasok,,,2026-09-28,mordzsi71@gmail.com,BUD1_5:30,BUD1,OK-0924.0950-VYSOB,zsolt.elo@jitt.hu,,,,,,,ACTIVE,BOOK,,,{},2026-09-24T07:50:24.208429+00:00,2026-09-24T07:50:24.208429+00:00,2026-09-24T07:50:24.208429+00:00
2fc0bb95-1bed-40e6-ab03-a802fb6be428,google-sheet-muszakpro-foglalasok,,,2026-09-29,gurzobalazs@gmail.com,BUD1_14:30,BUD1,OK-0922.2258-MYBI2,zoltan.bagoly@jitt.hu,,,,,,,ACTIVE,BOOK,,,{},2026-09-22T20:58:16.466613+00:00,2026-09-22T20:58:16.466613+00:00,2026-09-22T20:58:16.466613+00:00
43bd17df-a8da-45cf-93ac-7a6c605e35f6,google-sheet-muszakpro-foglalasok,,,2026-09-29,gurzobalazs@gmail.com,BUD1_4:45,BUD1,OK-0922.2257-369AO,zoltan.bagoly@jitt.hu,,,,,,,ACTIVE,BOOK,,,{},2026-09-22T20:57:58.045393+00:00,2026-09-22T20:57:58.045393+00:00,2026-09-22T20:57:58.045393+00:00
6d943b58-3cb8-4d1b-9d64-a68ce4c1d2c1,google-sheet-muszakpro-foglalasok,,,2026-09-29,gurzobalazs@gmail.com,BUD1_9:45,BUD1,OK-0922.2258-E6DSU,zoltan.bagoly@jitt.hu,,,,,,,ACTIVE,BOOK,,,{},2026-09-22T20:58:20.910502+00:00,2026-09-22T20:58:20.910502+00:00,2026-09-22T20:58:20.910502+00:00
568ad737-6515-4f4a-a72e-bf5b96308955,google-sheet-muszakpro-foglalasok,,,2026-09-29,gyroland73@gmail.com,BUD2_10:45,BUD2,OK-0923.1940-QP9J8,,,,,,,,ACTIVE,BOOK,,,{},2026-09-23T17:40:28.448577+00:00,2026-09-23T17:40:28.448577+00:00,2026-09-23T17:40:28.448577+00:00
3151f3dc-42e5-48aa-9239-9bdd90c161b3,google-sheet-muszakpro-foglalasok,,,2026-09-29,gyroland73@gmail.com,BUD2_5:45,BUD2,OK-0923.1940-BYUP5,,,,,,,,ACTIVE,BOOK,,,{},2026-09-23T17:40:04.262671+00:00,2026-09-23T17:40:04.262671+00:00,2026-09-23T17:40:04.262671+00:00
019e00d4-d925-480b-b5d6-ba216383fde0,google-sheet-muszakpro-foglalasok,,,2026-09-29,kiss.csaba.work@gmail.com,BUD1_19:30,BUD1,OK-0925_1336-DJA0W,,,,,,,,ACTIVE,BOOK,,,{},2026-09-25T11:36:16.008478+00:00,2026-09-25T11:36:16.008478+00:00,2026-09-25T11:36:16.008478+00:00
7d02e71a-7e42-4ba6-abff-ac2b153d1e9d,google-sheet-muszakpro-foglalasok,,,2026-09-29,kiss.csaba.work@gmail.com,BUD1_14:30,BUD1,OK-0925_1336-FVMGC,,,,,,,,ACTIVE,BOOK,,,{},2026-09-25T11:36:10.366044+00:00,2026-09-25T11:36:10.366044+00:00,2026-09-25T11:36:10.366044+00:00
65f0ebd9-831c-4dc1-b7ea-1ab000e71f96,google-sheet-muszakpro-foglalasok,,,2026-09-29,wasil4424@gmail.com,BUD1_11:00,BUD1,OK-0924.1035-ZKCYW,,,,,,,,ACTIVE,BOOK,,,{},2026-09-24T08:35:10.007115+00:00,2026-09-24T08:35:10.007115+00:00,2026-09-24T08:35:10.007115+00:00
8fd881be-f95b-4472-982a-3bb7652eebc7,google-sheet-muszakpro-foglalasok,,,2026-09-29,wasil4424@gmail.com,BUD1_6:00,BUD1,OK-0924.1035-GJHE6,,,,,,,,ACTIVE,BOOK,,,{},2026-09-24T08:35:05.755387+00:00,2026-09-24T08:35:05.755387+00:00,2026-09-24T08:35:05.755387+00:00
9813406d-5b42-40d3-89be-c94158779a0d,google-sheet-muszakpro-foglalasok,,,2026-09-29,wasil4424@gmail.com,BUD1_15:45,BUD1,OK-0924.1035-BD36P,,,,,,,,ACTIVE,BOOK,,,{},2026-09-24T08:35:13.79653+00:00,2026-09-24T08:35:13.79653+00:00,2026-09-24T08:35:13.79653+00:00
ac646a19-da86-4c82-9d1e-fec680be2f00,google-sheet-muszakpro-foglalasok,,,2026-09-30,gurzobalazs@gmail.com,BUD2_16:00,BUD2,OK-0923.0032-ZFC2B,zoltan.bagoly@jitt.hu,,,,,,,ACTIVE,BOOK,,,{},2026-09-22T22:32:17.09588+00:00,2026-09-22T22:32:17.09588+00:00,2026-09-22T22:32:17.09588+00:00
89f24217-33fd-493c-8f39-e1def42b86f5,google-sheet-muszakpro-foglalasok,,,2026-09-30,gurzobalazs@gmail.com,BUD2_5:45,BUD2,OK-0922.2336-YHK6O,zoltan.bagoly@jitt.hu,,,,,,,TÖRÖLVE,DELETE,2026-09-22T21:39:52.262+00:00,zoltan.bagoly@jitt.hu,{},2026-09-22T21:36:21.897873+00:00,2026-09-22T21:36:21.897873+00:00,2026-09-22T21:36:21.897873+00:00
ee01d9ee-2537-4a6c-a479-d2a35423b5c9,google-sheet-muszakpro-foglalasok,,,2026-09-30,gurzobalazs@gmail.com,BUD2_11:00,BUD2,OK-0923.0032-F1VFP,zoltan.bagoly@jitt.hu,,,,,,,ACTIVE,BOOK,,,{},2026-09-22T22:32:22.914135+00:00,2026-09-22T22:32:22.914135+00:00,2026-09-22T22:32:22.914135+00:00
690c5a88-3aa9-4cb8-a748-ef5d5cb4ec71,google-sheet-muszakpro-foglalasok,,,2026-09-30,gurzobalazs@gmail.com,BUD2_5:45,BUD2,OK-0923.0031-ZO4LP,zoltan.bagoly@jitt.hu,,,,,,,ACTIVE,BOOK,,,{},2026-09-22T22:31:34.52673+00:00,2026-09-22T22:31:34.52673+00:00,2026-09-22T22:31:34.52673+00:00
b2b78738-af42-4827-87d4-e6167672b2b7,google-sheet-muszakpro-foglalasok,,,2026-09-30,mordzsi71@gmail.com,BUD1_7:00,BUD1,OK-0924.0952-0PS76,zsolt.elo@jitt.hu,,,,,,,ACTIVE,BOOK,,,{},2026-09-24T07:52:02.354766+00:00,2026-09-24T07:52:02.354766+00:00,2026-09-24T07:52:02.354766+00:00
0ea722b3-e78e-48fe-ba8a-168f660fa604,google-sheet-muszakpro-foglalasok,,,2026-09-30,mordzsi71@gmail.com,BUD1_12:15,BUD1,OK-0924.0952-LSIIA,zsolt.elo@jitt.hu,,,,,,,ACTIVE,BOOK,,,{},2026-09-24T07:52:36.028132+00:00,2026-09-24T07:52:36.028132+00:00,2026-09-24T07:52:36.028132+00:00
90662457-b947-41fd-af14-1debe811f521,google-sheet-muszakpro-foglalasok,,,2026-09-30,mordzsi71@gmail.com,BUD1_17:15,BUD1,OK-0924.0952-E212S,zsolt.elo@jitt.hu,,,,,,,ACTIVE,BOOK,,,{},2026-09-24T07:52:48.48021+00:00,2026-09-24T07:52:48.48021+00:00,2026-09-24T07:52:48.48021+00:00
d771eba9-0222-44a0-ae37-f9f5b8ec8a66,google-sheet-muszakpro-foglalasok,,,2026-09-30,nasirjl370@gmail.com,BUD1_7:30,BUD1,OK-0924.1037-GRD4G,zoltan.bagoly@jitt.hu,,,,,,,TÖRÖLVE,DELETE,2026-09-25T14:22:48.184+00:00,zoltan.bagoly@jitt.hu,{},2026-09-25T14:22:48.402271+00:00,2026-09-25T14:22:48.402271+00:00,2026-09-25T14:22:48.402271+00:00
6330585e-7ce6-46bd-ba61-da44fb2608a5,google-sheet-muszakpro-foglalasok,,,2026-09-30,sfintu.oc@gmail.com,BUD1_4:45,BUD1,OK-0922.2351-B7ROF,zoltan.bagoly@jitt.hu,,,,,,,TÖRÖLVE,DELETE,2026-09-22T21:52:20.179+00:00,zoltan.bagoly@jitt.hu,{},2026-09-22T21:52:00.845837+00:00,2026-09-22T21:52:00.845837+00:00,2026-09-22T21:52:00.845837+00:00
b5deb0fa-1299-4a32-b786-953006e5eef5,google-sheet-muszakpro-foglalasok,,,2026-09-30,sfintu.oc@gmail.com,BUD1_19:15,BUD1,OK-0922.2348-FKH6V,zoltan.bagoly@jitt.hu,,,,,,,ACTIVE,BOOK,,,{},2026-09-22T21:48:42.027754+00:00,2026-09-22T21:48:42.027754+00:00,2026-09-22T21:48:42.027754+00:00
0d86a750-e60e-4648-969f-900f2bf39b27,google-sheet-muszakpro-foglalasok,,,2026-09-30,sfintu.oc@gmail.com,BUD1_9:45,BUD1,OK-0922.2348-0TDUS,zoltan.bagoly@jitt.hu,,,,,,,ACTIVE,BOOK,,,{},2026-09-22T21:48:34.309775+00:00,2026-09-22T21:48:34.309775+00:00,2026-09-22T21:48:34.309775+00:00
a0243e5b-2c3f-4021-aca9-50ed9982b1f4,google-sheet-muszakpro-foglalasok,,,2026-09-30,sfintu.oc@gmail.com,BUD1_4:45,BUD1,OK-0922.2348-IC3TR,zoltan.bagoly@jitt.hu,,,,,,,ACTIVE,BOOK,,,{},2026-09-22T21:48:08.208168+00:00,2026-09-22T21:48:08.208168+00:00,2026-09-22T21:48:08.208168+00:00
4440095f-b5c4-4069-9655-7b17eef6f532,google-sheet-muszakpro-foglalasok,,,2026-09-30,sfintu.oc@gmail.com,BUD1_14:30,BUD1,OK-0922.2348-JQRD6,zoltan.bagoly@jitt.hu,,,,,,,ACTIVE,BOOK,,,{},2026-09-22T21:48:38.223122+00:00,2026-09-22T21:48:38.223122+00:00,2026-09-22T21:48:38.223122+00:00
70f66fa2-d10c-49ae-9abc-d420b3231d48,google-sheet-muszakpro-foglalasok,,,2026-09-30,wasil4424@gmail.com,BUD1_10:15,BUD1,OK-0924.1041-26SUY,,,,,,,,ACTIVE,BOOK,,,{},2026-09-24T08:41:11.691986+00:00,2026-09-24T08:41:11.691986+00:00,2026-09-24T08:41:11.691986+00:00
c44e3202-64dd-4324-a5bb-b878bb6a4996,google-sheet-muszakpro-foglalasok,,,2026-09-30,wasil4424@gmail.com,BUD1_5:15,BUD1,OK-0924.1041-EWIZT,,,,,,,,ACTIVE,BOOK,,,{},2026-09-24T08:41:08.867824+00:00,2026-09-24T08:41:08.867824+00:00,2026-09-24T08:41:08.867824+00:00
691d852a-49a9-46ca-a367-2e065d845da5,google-sheet-muszakpro-foglalasok,,,2026-09-30,wasil4424@gmail.com,BUD1_15:00,BUD1,OK-0924.1041-7VOXE,,,,,,,,ACTIVE,BOOK,,,{},2026-09-24T08:41:15.794528+00:00,2026-09-24T08:41:15.794528+00:00,2026-09-24T08:41:15.794528+00:00
ecf2e09a-8cd2-4543-9fbf-e53a01c9c2db,google-sheet-muszakpro-foglalasok,,,2026-10-01,gyroland73@gmail.com,BUD2_10:45,BUD2,OK-0923.1942-80FU4,,,,,,,,ACTIVE,BOOK,,,{},2026-09-23T17:42:50.204179+00:00,2026-09-23T17:42:50.204179+00:00,2026-09-23T17:42:50.204179+00:00
e68a5a25-3f45-41ea-82f1-2fa20ac3503e,google-sheet-muszakpro-foglalasok,,,2026-10-01,gyroland73@gmail.com,BUD2_5:45,BUD2,OK-0923.1942-ZQDLR,,,,,,,,ACTIVE,BOOK,,,{},2026-09-23T17:42:24.6824+00:00,2026-09-23T17:42:24.6824+00:00,2026-09-23T17:42:24.6824+00:00
1c6cf73e-04a8-4f5a-adf4-284f44ecaeb0,google-sheet-muszakpro-foglalasok,,,2026-10-01,wasil4424@gmail.com,BUD1_15:45,BUD1,OK-0924.1039-8ZE3U,,,,,,,,ACTIVE,BOOK,,,{},2026-09-24T08:39:50.031275+00:00,2026-09-24T08:39:50.031275+00:00,2026-09-24T08:39:50.031275+00:00
e16042d5-5567-47da-9440-876be399da59,google-sheet-muszakpro-foglalasok,,,2026-10-01,wasil4424@gmail.com,BUD1_6:00,BUD1,OK-0924.1039-Y8TPD,,,,,,,,ACTIVE,BOOK,,,{},2026-09-24T08:39:37.975123+00:00,2026-09-24T08:39:37.975123+00:00,2026-09-24T08:39:37.975123+00:00
270f39b1-6d80-4cca-af34-b0a08f0dafd9,google-sheet-muszakpro-foglalasok,,,2026-10-01,wasil4424@gmail.com,BUD1_11:00,BUD1,OK-0924.1039-6ES4V,,,,,,,,ACTIVE,BOOK,,,{},2026-09-24T08:39:42.160482+00:00,2026-09-24T08:39:42.160482+00:00,2026-09-24T08:39:42.160482+00:00
a0dc94ed-1998-4471-8bbd-b40760ee32c9,google-sheet-muszakpro-foglalasok,,,2026-10-02,bemjozsef03@gmail.com,BUD2_15:15,BUD2,OK-0925_1638-TKD8G,,,,,,,,ACTIVE,BOOK,,,{},2026-09-25T14:38:08.535484+00:00,2026-09-25T14:38:08.535484+00:00,2026-09-25T14:38:08.535484+00:00
e6ea6ad3-e1e5-45c1-9184-6aea0e6116e0,google-sheet-muszakpro-foglalasok,,,2026-10-02,bemjozsef03@gmail.com,BUD2_4:45,BUD2,OK-0925_1637-QX66Q,,,,,,,,ACTIVE,BOOK,,,{},2026-09-25T14:37:35.229174+00:00,2026-09-25T14:37:35.229174+00:00,2026-09-25T14:37:35.229174+00:00
a8322607-a9a5-44b7-a182-10340458c3e5,google-sheet-muszakpro-foglalasok,,,2026-10-02,bemjozsef03@gmail.com,BUD2_10:15,BUD2,OK-0925_1637-DMN5L,,,,,,,,ACTIVE,BOOK,,,{},2026-09-25T14:37:39.952117+00:00,2026-09-25T14:37:39.952117+00:00,2026-09-25T14:37:39.952117+00:00
04d285de-5e8b-49f8-aee4-0908b1d86585,google-sheet-muszakpro-foglalasok,,,2026-10-02,bemjozsef03@gmail.com,BUD2_20:30,BUD2,OK-0925_1638-MZVIK,,,,,,,,ACTIVE,BOOK,,,{},2026-09-25T14:38:21.341342+00:00,2026-09-25T14:38:21.341342+00:00,2026-09-25T14:38:21.341342+00:00
dd559d52-8139-4d9d-bd18-f330e6ee517c,google-sheet-muszakpro-foglalasok,,,2026-10-02,gyroland73@gmail.com,BUD2_5:45,BUD2,OK-0923.1943-NE495,,,,,,,,ACTIVE,BOOK,,,{},2026-09-23T17:43:14.228066+00:00,2026-09-23T17:43:14.228066+00:00,2026-09-23T17:43:14.228066+00:00
41fabb56-fc48-494b-bae5-3fec25db9ccd,google-sheet-muszakpro-foglalasok,,,2026-10-02,gyroland73@gmail.com,BUD2_10:45,BUD2,OK-0923.1943-F87NT,,,,,,,,ACTIVE,BOOK,,,{},2026-09-23T17:43:18.543221+00:00,2026-09-23T17:43:18.543221+00:00,2026-09-23T17:43:18.543221+00:00
adba3db8-f740-4aed-b6f1-39ae6d3a3390,google-sheet-muszakpro-foglalasok,,,2026-10-02,pagemodx@gmail.com,BUD2_15:30,BUD2,OK-0925_0543-WD106,zsolt.elo@jitt.hu,,,,,,,ACTIVE,BOOK,,,{},2026-09-25T03:43:23.052306+00:00,2026-09-25T03:43:23.052306+00:00,2026-09-25T03:43:23.052306+00:00
c449d93d-7af4-41b0-9d53-5d4bb55a25c7,google-sheet-muszakpro-foglalasok,,,2026-10-02,pagemodx@gmail.com,BUD2_5:30,BUD2,OK-0925_0542-OIHPO,zsolt.elo@jitt.hu,,,,,,,ACTIVE,BOOK,,,{},2026-09-25T03:42:49.472795+00:00,2026-09-25T03:42:49.472795+00:00,2026-09-25T03:42:49.472795+00:00
32d1238e-63ab-4674-acdc-2071ce6e1906,google-sheet-muszakpro-foglalasok,,,2026-10-02,pagemodx@gmail.com,BUD2_10:30,BUD2,OK-0925_0543-OVHYO,zsolt.elo@jitt.hu,,,,,,,ACTIVE,BOOK,,,{},2026-09-25T03:43:05.669942+00:00,2026-09-25T03:43:05.669942+00:00,2026-09-25T03:43:05.669942+00:00
f724bb3b-d171-4f23-9a88-90625db9ac4a,google-sheet-muszakpro-foglalasok,,,2026-10-03,bemjozsef03@gmail.com,BUD2_4:45,BUD2,OK-0925_1638-RJ1OE,,,,,,,,ACTIVE,BOOK,,,{},2026-09-25T14:38:37.780106+00:00,2026-09-25T14:38:37.780106+00:00,2026-09-25T14:38:37.780106+00:00
899a3bd3-9cd3-48bf-a49d-b5b66e24d4b7,google-sheet-muszakpro-foglalasok,,,2026-10-03,bemjozsef03@gmail.com,BUD2_15:15,BUD2,OK-0925_1638-H6RUZ,,,,,,,,ACTIVE,BOOK,,,{},2026-09-25T14:38:45.582936+00:00,2026-09-25T14:38:45.582936+00:00,2026-09-25T14:38:45.582936+00:00
54f62368-9ff3-4b39-b3dd-b81c4128c37a,google-sheet-muszakpro-foglalasok,,,2026-10-03,bemjozsef03@gmail.com,BUD2_10:15,BUD2,OK-0925_1638-RWKFY,,,,,,,,ACTIVE,BOOK,,,{},2026-09-25T14:38:41.833793+00:00,2026-09-25T14:38:41.833793+00:00,2026-09-25T14:38:41.833793+00:00
2a1ef09c-e1da-422d-84d6-cdfbcb968ac5,google-sheet-muszakpro-foglalasok,,,2026-10-03,bemjozsef03@gmail.com,BUD2_20:30,BUD2,OK-0925_1638-IUXCF,,,,,,,,ACTIVE,BOOK,,,{},2026-09-25T14:38:50.133155+00:00,2026-09-25T14:38:50.133155+00:00,2026-09-25T14:38:50.133155+00:00
93ad9052-94b7-4825-9c10-39dec7aa5ed2,google-sheet-muszakpro-foglalasok,,,2026-10-03,gyroland73@gmail.com,BUD2_10:45,BUD2,OK-0923.1943-A6AAE,,,,,,,,ACTIVE,BOOK,,,{},2026-09-23T17:43:55.368768+00:00,2026-09-23T17:43:55.368768+00:00,2026-09-23T17:43:55.368768+00:00
c7e1b60f-9fac-45c7-8e8a-1501950fe038,google-sheet-muszakpro-foglalasok,,,2026-10-03,gyroland73@gmail.com,BUD2_5:45,BUD2,OK-0923.1943-0LPX3,,,,,,,,ACTIVE,BOOK,,,{},2026-09-23T17:43:44.538102+00:00,2026-09-23T17:43:44.538102+00:00,2026-09-23T17:43:44.538102+00:00
6109f922-6551-4829-b314-daf51f6f3c74,google-sheet-muszakpro-foglalasok,,,2026-10-03,pagemodx@gmail.com,BUD2_11:30,BUD2,OK-0925_0544-Z5CK5,zsolt.elo@jitt.hu,,,,,,,ACTIVE,BOOK,,,{},2026-09-25T03:44:06.790085+00:00,2026-09-25T03:44:06.790085+00:00,2026-09-25T03:44:06.790085+00:00
02957c2f-51e5-42e8-82e5-d56f19d03577,google-sheet-muszakpro-foglalasok,,,2026-10-03,pagemodx@gmail.com,BUD2_16:15,BUD2,OK-0925_0544-MXGPP,zsolt.elo@jitt.hu,,,,,,,ACTIVE,BOOK,,,{},2026-09-25T03:44:11.357032+00:00,2026-09-25T03:44:11.357032+00:00,2026-09-25T03:44:11.357032+00:00
a676c16f-f948-4228-bd20-d86571d76869,google-sheet-muszakpro-foglalasok,,,2026-10-03,pagemodx@gmail.com,BUD2_6:30,BUD2,OK-0925_0543-2D7N3,zsolt.elo@jitt.hu,,,,,,,ACTIVE,BOOK,,,{},2026-09-25T03:43:48.731623+00:00,2026-09-25T03:43:48.731623+00:00,2026-09-25T03:43:48.731623+00:00
7df910cf-7dd6-4c15-8270-9ea685f29d5b,google-sheet-muszakpro-foglalasok,,,2026-10-04,bemjozsef03@gmail.com,BUD2_4:45,BUD2,OK-0925_1638-FE831,,,,,,,,ACTIVE,BOOK,,,{},2026-09-25T14:38:53.897264+00:00,2026-09-25T14:38:53.897264+00:00,2026-09-25T14:38:53.897264+00:00
49bee2e5-9fe9-467f-bbf2-0702dc3ba8b7,google-sheet-muszakpro-foglalasok,,,2026-10-04,bemjozsef03@gmail.com,BUD2_10:15,BUD2,OK-0925_1639-9RH2K,,,,,,,,ACTIVE,BOOK,,,{},2026-09-25T14:39:02.776335+00:00,2026-09-25T14:39:02.776335+00:00,2026-09-25T14:39:02.776335+00:00
01dde8aa-3562-48c1-970a-770b46dbdbaf,google-sheet-muszakpro-foglalasok,,,2026-10-04,bemjozsef03@gmail.com,BUD2_15:15,BUD2,OK-0925_1639-KITNG,,,,,,,,ACTIVE,BOOK,,,{},2026-09-25T14:39:06.907751+00:00,2026-09-25T14:39:06.907751+00:00,2026-09-25T14:39:06.907751+00:00
f873e293-810e-4f0b-80ea-e64c1cb18b67,google-sheet-muszakpro-foglalasok,,,2026-10-04,bemjozsef03@gmail.com,BUD2_20:30,BUD2,OK-0925_1639-T4BA1,,,,,,,,ACTIVE,BOOK,,,{},2026-09-25T14:39:25.667043+00:00,2026-09-25T14:39:25.667043+00:00,2026-09-25T14:39:25.667043+00:00
b391132d-2b9f-45a6-8c5c-b9254ff32c36,google-sheet-muszakpro-foglalasok,,,2026-10-04,wasil4424@gmail.com,BUD1_11:00,BUD1,OK-0924.1041-V7E8D,,,,,,,,ACTIVE,BOOK,,,{},2026-09-24T08:41:59.569342+00:00,2026-09-24T08:41:59.569342+00:00,2026-09-24T08:41:59.569342+00:00
49ccbff6-093b-4c94-b7ad-3c60ec37ddca,google-sheet-muszakpro-foglalasok,,,2026-10-04,wasil4424@gmail.com,BUD1_15:45,BUD1,OK-0924.1042-RN27M,,,,,,,,ACTIVE,BOOK,,,{},2026-09-24T08:42:03.867356+00:00,2026-09-24T08:42:03.867356+00:00,2026-09-24T08:42:03.867356+00:00
4d23b7d4-2fc3-4b85-821b-886a72801920,google-sheet-muszakpro-foglalasok,,,2026-10-04,wasil4424@gmail.com,BUD1_6:00,BUD1,OK-0924.1041-8CGSF,,,,,,,,ACTIVE,BOOK,,,{},2026-09-24T08:41:53.362736+00:00,2026-09-24T08:41:53.362736+00:00,2026-09-24T08:41:53.362736+00:00
8b8f24da-bfb7-4215-94e0-9afc80b3050b,google-sheet-muszakpro-foglalasok,,,2026-10-05,bemjozsef03@gmail.com,BUD2_15:15,BUD2,OK-0925_1641-55WFF,,,,,,,,ACTIVE,BOOK,,,{},2026-09-25T14:41:19.80273+00:00,2026-09-25T14:41:19.80273+00:00,2026-09-25T14:41:19.80273+00:00
b7ca694b-47ef-4761-9b4d-494f013fea95,google-sheet-muszakpro-foglalasok,,,2026-10-05,bemjozsef03@gmail.com,BUD2_4:45,BUD2,OK-0925_1641-GZ5KN,,,,,,,,ACTIVE,BOOK,,,{},2026-09-25T14:41:03.531922+00:00,2026-09-25T14:41:03.531922+00:00,2026-09-25T14:41:03.531922+00:00
8b69bbb9-064d-4a33-af31-98de3c8da32c,google-sheet-muszakpro-foglalasok,,,2026-10-05,bemjozsef03@gmail.com,BUD2_10:15,BUD2,OK-0925_1641-LFVG4,,,,,,,,ACTIVE,BOOK,,,{},2026-09-25T14:41:08.133447+00:00,2026-09-25T14:41:08.133447+00:00,2026-09-25T14:41:08.133447+00:00
a3eeea9f-51ba-40e9-9ec3-839c14c6e948,google-sheet-muszakpro-foglalasok,,,2026-10-05,bemjozsef03@gmail.com,BUD2_20:30,BUD2,OK-0925_1641-Y48FD,,,,,,,,ACTIVE,BOOK,,,{},2026-09-25T14:41:25.545806+00:00,2026-09-25T14:41:25.545806+00:00,2026-09-25T14:41:25.545806+00:00
8ee6b589-dc91-4a93-96b3-5f274bdb49ff,google-sheet-muszakpro-foglalasok,,,2026-10-05,pagemodx@gmail.com,BUD2_15:30,BUD2,OK-0925_0544-9CN2S,zsolt.elo@jitt.hu,,,,,,,ACTIVE,BOOK,,,{},2026-09-25T03:44:54.326034+00:00,2026-09-25T03:44:54.326034+00:00,2026-09-25T03:44:54.326034+00:00
534d4a38-bc8c-42ce-ba5e-98775339b945,google-sheet-muszakpro-foglalasok,,,2026-10-05,pagemodx@gmail.com,BUD2_5:30,BUD2,OK-0925_0544-3023Y,zsolt.elo@jitt.hu,,,,,,,ACTIVE,BOOK,,,{},2026-09-25T03:44:33.739232+00:00,2026-09-25T03:44:33.739232+00:00,2026-09-25T03:44:33.739232+00:00
4f4f10ef-bebe-473f-b6fc-2e5f987ee956,google-sheet-muszakpro-foglalasok,,,2026-10-05,pagemodx@gmail.com,BUD2_10:30,BUD2,OK-0925_0544-Z0N9E,zsolt.elo@jitt.hu,,,,,,,ACTIVE,BOOK,,,{},2026-09-25T03:44:48.596493+00:00,2026-09-25T03:44:48.596493+00:00,2026-09-25T03:44:48.596493+00:00
61ce2a83-ee2d-4366-8492-f4946a2728b2,google-sheet-muszakpro-foglalasok,,,2026-10-05,wasditus@gmail.com,BUD1_16:30,BUD1,OK-0925_1139-HFP55,zsolt.elo@jitt.hu,,,,,,,ACTIVE,BOOK,,,{},2026-09-25T09:39:13.436405+00:00,2026-09-25T09:39:13.436405+00:00,2026-09-25T09:39:13.436405+00:00
a8f2854a-8f55-4e87-a8c6-a1315cc56810,google-sheet-muszakpro-foglalasok,,,2026-10-05,wasditus@gmail.com,BUD1_7:00,BUD1,OK-0925_1138-1OZNQ,zsolt.elo@jitt.hu,,,,,,,ACTIVE,BOOK,,,{},2026-09-25T09:38:35.237882+00:00,2026-09-25T09:38:35.237882+00:00,2026-09-25T09:38:35.237882+00:00
6e6aa02d-1540-48c2-9a6d-a8c8075cb36e,google-sheet-muszakpro-foglalasok,,,2026-10-05,wasditus@gmail.com,BUD1_11:45,BUD1,OK-0925_1139-GG6EV,zsolt.elo@jitt.hu,,,,,,,ACTIVE,BOOK,,,{},2026-09-25T09:39:09.352574+00:00,2026-09-25T09:39:09.352574+00:00,2026-09-25T09:39:09.352574+00:00
b213a28e-199e-428e-b691-26faa37c5a6c,google-sheet-muszakpro-foglalasok,,,2026-10-06,bemjozsef03@gmail.com,BUD2_10:15,BUD2,OK-0925_1641-83BWI,,,,,,,,ACTIVE,BOOK,,,{},2026-09-25T14:41:57.161601+00:00,2026-09-25T14:41:57.161601+00:00,2026-09-25T14:41:57.161601+00:00
4dbfefec-6d9d-44f3-ab61-10b667849da9,google-sheet-muszakpro-foglalasok,,,2026-10-06,bemjozsef03@gmail.com,BUD2_15:15,BUD2,OK-0925_1642-H7G0G,,,,,,,,ACTIVE,BOOK,,,{},2026-09-25T14:42:07.520751+00:00,2026-09-25T14:42:07.520751+00:00,2026-09-25T14:42:07.520751+00:00
0e1cfe73-54db-4014-9e4c-643d30cdb562,google-sheet-muszakpro-foglalasok,,,2026-10-06,bemjozsef03@gmail.com,BUD2_4:45,BUD2,OK-0925_1641-R8Q1H,,,,,,,,ACTIVE,BOOK,,,{},2026-09-25T14:41:52.974165+00:00,2026-09-25T14:41:52.974165+00:00,2026-09-25T14:41:52.974165+00:00
2942a23b-760a-45f8-bd62-5622058123b1,google-sheet-muszakpro-foglalasok,,,2026-10-07,bemjozsef03@gmail.com,BUD2_10:15,BUD2,OK-0925_1642-C7B5J,,,,,,,,ACTIVE,BOOK,,,{},2026-09-25T14:42:23.782672+00:00,2026-09-25T14:42:23.782672+00:00,2026-09-25T14:42:23.782672+00:00
9b0c7263-ce5f-40cb-a57a-739d7ece29e7,google-sheet-muszakpro-foglalasok,,,2026-10-07,bemjozsef03@gmail.com,BUD2_4:45,BUD2,OK-0925_1642-YHWER,,,,,,,,ACTIVE,BOOK,,,{},2026-09-25T14:42:16.680689+00:00,2026-09-25T14:42:16.680689+00:00,2026-09-25T14:42:16.680689+00:00
ecaa371a-6d93-4470-9122-a3f2a908ec95,google-sheet-muszakpro-foglalasok,,,2026-10-07,bemjozsef03@gmail.com,BUD2_15:15,BUD2,OK-0925_1642-ZZS0V,,,,,,,,ACTIVE,BOOK,,,{},2026-09-25T14:42:20.51515+00:00,2026-09-25T14:42:20.51515+00:00,2026-09-25T14:42:20.51515+00:00
217b86e2-ea4b-4bbc-b125-0518863bb11e,google-sheet-muszakpro-foglalasok,,,2026-10-08,bemjozsef03@gmail.com,BUD2_15:15,BUD2,OK-0925_1642-4GFGJ,,,,,,,,ACTIVE,BOOK,,,{},2026-09-25T14:42:35.737623+00:00,2026-09-25T14:42:35.737623+00:00,2026-09-25T14:42:35.737623+00:00
844945ab-d634-4b3f-bc2b-58db581dd7df,google-sheet-muszakpro-foglalasok,,,2026-10-08,bemjozsef03@gmail.com,BUD2_10:15,BUD2,OK-0925_1642-OT4RL,,,,,,,,ACTIVE,BOOK,,,{},2026-09-25T14:42:32.372916+00:00,2026-09-25T14:42:32.372916+00:00,2026-09-25T14:42:32.372916+00:00
a6411f5b-dd24-4082-a339-2d765624114d,google-sheet-muszakpro-foglalasok,,,2026-10-08,bemjozsef03@gmail.com,BUD2_4:45,BUD2,OK-0925_1642-I4ZSG,,,,,,,,ACTIVE,BOOK,,,{},2026-09-25T14:42:41.241257+00:00,2026-09-25T14:42:41.241257+00:00,2026-09-25T14:42:41.241257+00:00
f5d281a7-a2f1-4acb-ac24-071d746ec4bd,google-sheet-muszakpro-foglalasok,,,2026-10-08,pagemodx@gmail.com,BUD2_15:45,BUD2,OK-0925_0545-10HZ3,zsolt.elo@jitt.hu,,,,,,,ACTIVE,BOOK,,,{},2026-09-25T03:45:23.239531+00:00,2026-09-25T03:45:23.239531+00:00,2026-09-25T03:45:23.239531+00:00
90643064-7c64-4c91-ac7f-9705f528004e,google-sheet-muszakpro-foglalasok,,,2026-10-08,pagemodx@gmail.com,BUD2_6:00,BUD2,OK-0925_0545-CMJEG,zsolt.elo@jitt.hu,,,,,,,ACTIVE,BOOK,,,{},2026-09-25T03:45:04.669256+00:00,2026-09-25T03:45:04.669256+00:00,2026-09-25T03:45:04.669256+00:00
75c12318-439c-4eec-afe5-7e50b1260358,google-sheet-muszakpro-foglalasok,,,2026-10-08,pagemodx@gmail.com,BUD2_11:00,BUD2,OK-0925_0545-NX95K,zsolt.elo@jitt.hu,,,,,,,ACTIVE,BOOK,,,{},2026-09-25T03:45:18.677855+00:00,2026-09-25T03:45:18.677855+00:00,2026-09-25T03:45:18.677855+00:00
9c83babb-674e-4bae-84ca-d9eb26b1fb7b,google-sheet-muszakpro-foglalasok,,,2026-10-09,bemjozsef03@gmail.com,BUD2_4:45,BUD2,OK-0925_1642-Y8RGL,,,,,,,,ACTIVE,BOOK,,,{},2026-09-25T14:42:44.827486+00:00,2026-09-25T14:42:44.827486+00:00,2026-09-25T14:42:44.827486+00:00
906acd10-3977-4506-a741-df94f34bef2e,google-sheet-muszakpro-foglalasok,,,2026-10-09,bemjozsef03@gmail.com,BUD2_15:15,BUD2,OK-0925_1642-HV6H6,,,,,,,,ACTIVE,BOOK,,,{},2026-09-25T14:42:53.877664+00:00,2026-09-25T14:42:53.877664+00:00,2026-09-25T14:42:53.877664+00:00
2798143b-40b4-4281-8d92-9639c5cb2181,google-sheet-muszakpro-foglalasok,,,2026-10-09,bemjozsef03@gmail.com,BUD2_20:30,BUD2,OK-0925_1642-JWB8V,,,,,,,,ACTIVE,BOOK,,,{},2026-09-25T14:42:57.331046+00:00,2026-09-25T14:42:57.331046+00:00,2026-09-25T14:42:57.331046+00:00
343efef2-6928-4d76-b6db-542f3effa84d,google-sheet-muszakpro-foglalasok,,,2026-10-09,bemjozsef03@gmail.com,BUD2_10:15,BUD2,OK-0925_1642-4S3GE,,,,,,,,ACTIVE,BOOK,,,{},2026-09-25T14:42:48.763437+00:00,2026-09-25T14:42:48.763437+00:00,2026-09-25T14:42:48.763437+00:00
a22cfae8-2d60-472b-bc0c-64018275283f,google-sheet-muszakpro-foglalasok,,,2026-10-09,pagemodx@gmail.com,BUD2_16:00,BUD2,OK-0925_0546-FESRH,zsolt.elo@jitt.hu,,,,,,,ACTIVE,BOOK,,,{},2026-09-25T03:46:14.318879+00:00,2026-09-25T03:46:14.318879+00:00,2026-09-25T03:46:14.318879+00:00
2b07482c-6f04-4877-b6f1-b601cfc9d005,google-sheet-muszakpro-foglalasok,,,2026-10-09,pagemodx@gmail.com,BUD2_11:00,BUD2,OK-0925_0545-6T8TG,zsolt.elo@jitt.hu,,,,,,,ACTIVE,BOOK,,,{},2026-09-25T03:45:57.606097+00:00,2026-09-25T03:45:57.606097+00:00,2026-09-25T03:45:57.606097+00:00
a6ab8bee-0bed-44cc-96b1-42adefd9f2c3,google-sheet-muszakpro-foglalasok,,,2026-10-09,pagemodx@gmail.com,BUD2_6:00,BUD2,OK-0925_0545-PGSJB,zsolt.elo@jitt.hu,,,,,,,ACTIVE,BOOK,,,{},2026-09-25T03:45:41.085909+00:00,2026-09-25T03:45:41.085909+00:00,2026-09-25T03:45:41.085909+00:00
bb2c4873-d6a1-4675-a66f-cf6974102eb2,google-sheet-muszakpro-foglalasok,,,2026-10-09,wasditus@gmail.com,BUD1_16:30,BUD1,OK-0925_1139-UDHWM,zsolt.elo@jitt.hu,,,,,,,ACTIVE,BOOK,,,{},2026-09-25T09:39:58.89819+00:00,2026-09-25T09:39:58.89819+00:00,2026-09-25T09:39:58.89819+00:00
62062f38-b232-4b79-88f0-8505254bdcf0,google-sheet-muszakpro-foglalasok,,,2026-10-09,wasditus@gmail.com,BUD1_11:45,BUD1,OK-0925_1139-UG0UC,zsolt.elo@jitt.hu,,,,,,,ACTIVE,BOOK,,,{},2026-09-25T09:39:55.94213+00:00,2026-09-25T09:39:55.94213+00:00,2026-09-25T09:39:55.94213+00:00
e4c1b79e-ca25-4eb0-8875-6bdfdb701817,google-sheet-muszakpro-foglalasok,,,2026-10-09,wasditus@gmail.com,BUD1_6:45,BUD1,OK-0925_1139-YSI0Y,zsolt.elo@jitt.hu,,,,,,,ACTIVE,BOOK,,,{},2026-09-25T09:39:35.867512+00:00,2026-09-25T09:39:35.867512+00:00,2026-09-25T09:39:35.867512+00:00
eb804387-c415-406a-85eb-635b284fc150,google-sheet-muszakpro-foglalasok,,,2026-10-10,bemjozsef03@gmail.com,BUD2_20:30,BUD2,OK-0925_1643-XFZR5,,,,,,,,ACTIVE,BOOK,,,{},2026-09-25T14:43:14.57415+00:00,2026-09-25T14:43:14.57415+00:00,2026-09-25T14:43:14.57415+00:00
1d2d5278-7fa5-44f0-8eec-d94ba1c027b9,google-sheet-muszakpro-foglalasok,,,2026-10-10,bemjozsef03@gmail.com,BUD2_4:45,BUD2,OK-0925_1643-SW60D,,,,,,,,ACTIVE,BOOK,,,{},2026-09-25T14:43:03.890734+00:00,2026-09-25T14:43:03.890734+00:00,2026-09-25T14:43:03.890734+00:00
927c45a9-5f4d-4bf6-b49e-4e21565a1fb6,google-sheet-muszakpro-foglalasok,,,2026-10-10,bemjozsef03@gmail.com,BUD2_15:15,BUD2,OK-0925_1643-0H5LM,,,,,,,,ACTIVE,BOOK,,,{},2026-09-25T14:43:11.774638+00:00,2026-09-25T14:43:11.774638+00:00,2026-09-25T14:43:11.774638+00:00
36f2039c-0e0f-498b-95bc-d5e836f728da,google-sheet-muszakpro-foglalasok,,,2026-10-10,bemjozsef03@gmail.com,BUD2_10:15,BUD2,OK-0925_1643-ROANS,,,,,,,,ACTIVE,BOOK,,,{},2026-09-25T14:43:07.738446+00:00,2026-09-25T14:43:07.738446+00:00,2026-09-25T14:43:07.738446+00:00
a62f5546-1597-4ef1-8aac-584ae078dd7c,google-sheet-muszakpro-foglalasok,,,2026-10-10,probi030420@gmail.com,BUD1_16:15,BUD1,OK-0923.0000-4T6SY,zoltan.bagoly@jitt.hu,,,,,,,ACTIVE,BOOK,,,{},2026-09-22T22:00:45.793627+00:00,2026-09-22T22:00:45.793627+00:00,2026-09-22T22:00:45.793627+00:00
5f3e72ee-4e21-418b-a3dd-8ed861008eeb,google-sheet-muszakpro-foglalasok,,,2026-10-10,probi030420@gmail.com,BUD1_21:00,BUD1,OK-0923.0000-SF51K,zoltan.bagoly@jitt.hu,,,,,,,ACTIVE,BOOK,,,{},2026-09-22T22:00:49.270641+00:00,2026-09-22T22:00:49.270641+00:00,2026-09-22T22:00:49.270641+00:00
443ee478-4f6d-4926-937a-530bbc0b7b98,google-sheet-muszakpro-foglalasok,,,2026-10-10,probi030420@gmail.com,BUD1_4:30,BUD1,OK-0923.0000-GJBUA,zoltan.bagoly@jitt.hu,,,,,,,ACTIVE,BOOK,,,{},2026-09-22T22:00:40.478582+00:00,2026-09-22T22:00:40.478582+00:00,2026-09-22T22:00:40.478582+00:00
1c78a1d3-f35c-4c3a-a5ed-adabfdea4304,google-sheet-muszakpro-foglalasok,,,2026-10-10,probi030420@gmail.com,BUD1_11:30,BUD1,OK-0923.0000-P9JAF,zoltan.bagoly@jitt.hu,,,,,,,ACTIVE,BOOK,,,{},2026-09-22T22:00:24.927541+00:00,2026-09-22T22:00:24.927541+00:00,2026-09-22T22:00:24.927541+00:00
f53b06ac-c5c9-43af-ab58-31506545b8ec,google-sheet-muszakpro-foglalasok,,,2026-10-10,wasditus@gmail.com,BUD1_6:45,BUD1,OK-0925_1140-U78Z2,zsolt.elo@jitt.hu,,,,,,,ACTIVE,BOOK,,,{},2026-09-25T09:40:13.025927+00:00,2026-09-25T09:40:13.025927+00:00,2026-09-25T09:40:13.025927+00:00
6455a9b5-f914-43e6-a1f4-dfcd9fcd02ee,google-sheet-muszakpro-foglalasok,,,2026-10-10,wasditus@gmail.com,BUD1_16:30,BUD1,OK-0925_1140-R67XI,zsolt.elo@jitt.hu,,,,,,,ACTIVE,BOOK,,,{},2026-09-25T09:40:32.680549+00:00,2026-09-25T09:40:32.680549+00:00,2026-09-25T09:40:32.680549+00:00
f77db81a-cbe8-4b0d-923f-175756ddfb0a,google-sheet-muszakpro-foglalasok,,,2026-10-10,wasditus@gmail.com,BUD1_11:45,BUD1,OK-0925_1140-N6AVU,zsolt.elo@jitt.hu,,,,,,,ACTIVE,BOOK,,,{},2026-09-25T09:40:28.85858+00:00,2026-09-25T09:40:28.85858+00:00,2026-09-25T09:40:28.85858+00:00
59bfdec6-6dc8-484b-8557-d41a24fa601a,google-sheet-muszakpro-foglalasok,,,2026-10-11,bemjozsef03@gmail.com,BUD2_15:15,BUD2,OK-0925_1643-OOTMP,,,,,,,,ACTIVE,BOOK,,,{},2026-09-25T14:43:34.909807+00:00,2026-09-25T14:43:34.909807+00:00,2026-09-25T14:43:34.909807+00:00
e23a79b0-db8b-4267-8f0a-bf5cbc86def0,google-sheet-muszakpro-foglalasok,,,2026-10-11,bemjozsef03@gmail.com,BUD2_4:45,BUD2,OK-0925_1643-MOIWY,,,,,,,,ACTIVE,BOOK,,,{},2026-09-25T14:43:26.953344+00:00,2026-09-25T14:43:26.953344+00:00,2026-09-25T14:43:26.953344+00:00
30f6b816-e133-4a0d-ab71-1ff0be007645,google-sheet-muszakpro-foglalasok,,,2026-10-11,bemjozsef03@gmail.com,BUD2_10:15,BUD2,OK-0925_1643-CC2FX,,,,,,,,ACTIVE,BOOK,,,{},2026-09-25T14:43:30.310778+00:00,2026-09-25T14:43:30.310778+00:00,2026-09-25T14:43:30.310778+00:00
5a248086-8fc7-4609-a640-87a6fb3e4032,google-sheet-muszakpro-foglalasok,,,2026-10-11,bemjozsef03@gmail.com,BUD2_20:30,BUD2,OK-0925_1643-4V5Q4,,,,,,,,ACTIVE,BOOK,,,{},2026-09-25T14:43:41.897188+00:00,2026-09-25T14:43:41.897188+00:00,2026-09-25T14:43:41.897188+00:00
ea03bfa8-8a6b-43d9-aeb8-a383bb3b77f2,google-sheet-muszakpro-foglalasok,,,2026-10-11,pagemodx@gmail.com,BUD2_11:30,BUD2,OK-0925_0546-U46B3,zsolt.elo@jitt.hu,,,,,,,ACTIVE,BOOK,,,{},2026-09-25T03:46:59.788519+00:00,2026-09-25T03:46:59.788519+00:00,2026-09-25T03:46:59.788519+00:00
6dad3811-2f84-4df6-8865-dffe1e5eaa69,google-sheet-muszakpro-foglalasok,,,2026-10-11,pagemodx@gmail.com,BUD2_16:15,BUD2,OK-0925_0547-A5QZK,zsolt.elo@jitt.hu,,,,,,,ACTIVE,BOOK,,,{},2026-09-25T03:47:03.464215+00:00,2026-09-25T03:47:03.464215+00:00,2026-09-25T03:47:03.464215+00:00
7f7ff72f-36dd-4d48-ad1e-4f45f933e718,google-sheet-muszakpro-foglalasok,,,2026-10-11,pagemodx@gmail.com,BUD2_6:30,BUD2,OK-0925_0546-SRGEJ,zsolt.elo@jitt.hu,,,,,,,ACTIVE,BOOK,,,{},2026-09-25T03:46:43.00648+00:00,2026-09-25T03:46:43.00648+00:00,2026-09-25T03:46:43.00648+00:00
4b27590e-5553-4137-b341-23f0db459009,google-sheet-muszakpro-foglalasok,,,2026-10-12,bemjozsef03@gmail.com,BUD2_20:30,BUD2,OK-0925_1646-SKV0P,,,,,,,,ACTIVE,BOOK,,,{},2026-09-25T14:46:58.87214+00:00,2026-09-25T14:46:58.87214+00:00,2026-09-25T14:46:58.87214+00:00
2a4337d1-8acc-478e-bc84-c428b9a03ceb,google-sheet-muszakpro-foglalasok,,,2026-10-12,bemjozsef03@gmail.com,BUD2_10:15,BUD2,OK-0925_1646-5WXO3,,,,,,,,ACTIVE,BOOK,,,{},2026-09-25T14:46:52.744768+00:00,2026-09-25T14:46:52.744768+00:00,2026-09-25T14:46:52.744768+00:00
6441a8c9-b1e8-443e-a09b-dad055163ca0,google-sheet-muszakpro-foglalasok,,,2026-10-12,bemjozsef03@gmail.com,BUD2_15:15,BUD2,OK-0925_1647-TEN5J,,,,,,,,ACTIVE,BOOK,,,{},2026-09-25T14:47:03.355819+00:00,2026-09-25T14:47:03.355819+00:00,2026-09-25T14:47:03.355819+00:00
82bc79bc-01f5-494f-9aa4-b4f9bf21995c,google-sheet-muszakpro-foglalasok,,,2026-10-12,bemjozsef03@gmail.com,BUD2_4:45,BUD2,OK-0925_1643-BOFEU,,,,,,,,ACTIVE,BOOK,,,{},2026-09-25T14:43:44.956004+00:00,2026-09-25T14:43:44.956004+00:00,2026-09-25T14:43:44.956004+00:00
91488314-93e8-445e-9d04-cf37ba2e8505,google-sheet-muszakpro-foglalasok,,,2026-10-12,pagemodx@gmail.com,BUD2_16:30,BUD2,OK-0925_0548-W9RRC,zsolt.elo@jitt.hu,,,,,,,ACTIVE,BOOK,,,{},2026-09-25T03:48:02.058868+00:00,2026-09-25T03:48:02.058868+00:00,2026-09-25T03:48:02.058868+00:00
18331cce-d863-4770-b28f-094795073a2b,google-sheet-muszakpro-foglalasok,,,2026-10-12,pagemodx@gmail.com,BUD2_11:30,BUD2,OK-0925_0547-A5KW9,zsolt.elo@jitt.hu,,,,,,,ACTIVE,BOOK,,,{},2026-09-25T03:47:47.000514+00:00,2026-09-25T03:47:47.000514+00:00,2026-09-25T03:47:47.000514+00:00
542eba0f-4021-456f-b2ce-d211fe3c99c8,google-sheet-muszakpro-foglalasok,,,2026-10-12,pagemodx@gmail.com,BUD2_6:30,BUD2,OK-0925_0547-M6CIY,zsolt.elo@jitt.hu,,,,,,,ACTIVE,BOOK,,,{},2026-09-25T03:47:17.117585+00:00,2026-09-25T03:47:17.117585+00:00,2026-09-25T03:47:17.117585+00:00
892e2554-2818-480c-9013-a23b0497b279,google-sheet-muszakpro-foglalasok,,,2026-10-12,wasditus@gmail.com,BUD1_6:45,BUD1,OK-0925_1140-EXRZT,zsolt.elo@jitt.hu,,,,,,,ACTIVE,BOOK,,,{},2026-09-25T09:40:56.574478+00:00,2026-09-25T09:40:56.574478+00:00,2026-09-25T09:40:56.574478+00:00
02a2e453-d46b-4fba-9740-8935faa91e0b,google-sheet-muszakpro-foglalasok,,,2026-10-12,wasditus@gmail.com,BUD1_11:45,BUD1,OK-0925_1141-FB66Q,zsolt.elo@jitt.hu,,,,,,,ACTIVE,BOOK,,,{},2026-09-25T09:41:09.329364+00:00,2026-09-25T09:41:09.329364+00:00,2026-09-25T09:41:09.329364+00:00
ec6f0531-0bc3-49b1-93cf-1d40709a6259,google-sheet-muszakpro-foglalasok,,,2026-10-12,wasditus@gmail.com,BUD1_16:30,BUD1,OK-0925_1141-OJE9Q,zsolt.elo@jitt.hu,,,,,,,ACTIVE,BOOK,,,{},2026-09-25T09:41:14.857737+00:00,2026-09-25T09:41:14.857737+00:00,2026-09-25T09:41:14.857737+00:00
3151fb86-81df-4537-9c8c-d974dda108c9,google-sheet-muszakpro-foglalasok,,,2026-10-13,szolnokitibor78@gmail.com,BUD1_5:00,BUD1,OK-0911_0934-8RU0M,,,,,,,,TÖRÖLVE,DELETE,2026-09-25T01:58:56.318+00:00,szolnokitibor78@gmail.com,{},2026-09-25T01:58:56.726963+00:00,2026-09-25T01:58:56.726963+00:00,2026-09-25T01:58:56.726963+00:00
290f40d2-2b6d-484e-aea1-38c40aa510b4,google-sheet-muszakpro-foglalasok,,,2026-10-13,zkoncsik@gmail.com,BUD2_9:45,BUD2,OK-0923.1634-8F7GQ,,,,,,,,ACTIVE,BOOK,,,{},2026-09-23T14:34:18.594982+00:00,2026-09-23T14:34:18.594982+00:00,2026-09-23T14:34:18.594982+00:00
0a250a9c-3160-4942-83d2-7b3c07aacb61,google-sheet-muszakpro-foglalasok,,,2026-10-13,zkoncsik@gmail.com,BUD2_4:45,BUD2,OK-0923.1634-89GVQ,,,,,,,,ACTIVE,BOOK,,,{},2026-09-23T14:34:13.574439+00:00,2026-09-23T14:34:13.574439+00:00,2026-09-23T14:34:13.574439+00:00
57b5a625-9378-45ba-8432-f1decf7d12ce,google-sheet-muszakpro-foglalasok,,,2026-10-15,pagemodx@gmail.com,BUD2_11:00,BUD2,OK-0925_0548-9T9ZO,zsolt.elo@jitt.hu,,,,,,,ACTIVE,BOOK,,,{},2026-09-25T03:48:32.794359+00:00,2026-09-25T03:48:32.794359+00:00,2026-09-25T03:48:32.794359+00:00
08f1b82c-f616-4ee3-8692-7d2223d90bd0,google-sheet-muszakpro-foglalasok,,,2026-10-15,pagemodx@gmail.com,BUD2_15:45,BUD2,OK-0925_0548-CZSWR,zsolt.elo@jitt.hu,,,,,,,ACTIVE,BOOK,,,{},2026-09-25T03:48:37.16702+00:00,2026-09-25T03:48:37.16702+00:00,2026-09-25T03:48:37.16702+00:00
8659c06f-661c-4797-97a0-7b970bb4182b,google-sheet-muszakpro-foglalasok,,,2026-10-15,pagemodx@gmail.com,BUD2_6:00,BUD2,OK-0925_0548-61SGJ,zsolt.elo@jitt.hu,,,,,,,ACTIVE,BOOK,,,{},2026-09-25T03:48:17.977786+00:00,2026-09-25T03:48:17.977786+00:00,2026-09-25T03:48:17.977786+00:00
5dd315ed-5ad0-4c21-b9fc-60edc4709165,google-sheet-muszakpro-foglalasok,,,2026-10-16,pagemodx@gmail.com,BUD2_6:30,BUD2,OK-0925_0549-EKZW1,zsolt.elo@jitt.hu,,,,,,,ACTIVE,BOOK,,,{},2026-09-25T03:49:03.259867+00:00,2026-09-25T03:49:03.259867+00:00,2026-09-25T03:49:03.259867+00:00
9f25773e-b005-44c0-9d23-0f4941081d03,google-sheet-muszakpro-foglalasok,,,2026-10-16,pagemodx@gmail.com,BUD2_16:15,BUD2,OK-0925_0549-MNL1N,zsolt.elo@jitt.hu,,,,,,,ACTIVE,BOOK,,,{},2026-09-25T03:49:22.302539+00:00,2026-09-25T03:49:22.302539+00:00,2026-09-25T03:49:22.302539+00:00
4dcd3242-1b8a-4017-89a3-e9696e8f8797,google-sheet-muszakpro-foglalasok,,,2026-10-16,pagemodx@gmail.com,BUD2_11:30,BUD2,OK-0925_0549-QWCLA,zsolt.elo@jitt.hu,,,,,,,ACTIVE,BOOK,,,{},2026-09-25T03:49:17.607724+00:00,2026-09-25T03:49:17.607724+00:00,2026-09-25T03:49:17.607724+00:00
cb48e6c9-8352-46df-a681-7f156e0aae23,google-sheet-muszakpro-foglalasok,,,2026-10-16,wasditus@gmail.com,BUD1_11:45,BUD1,OK-0925_1141-8C610,zsolt.elo@jitt.hu,,,,,,,ACTIVE,BOOK,,,{},2026-09-25T09:41:43.222786+00:00,2026-09-25T09:41:43.222786+00:00,2026-09-25T09:41:43.222786+00:00
c673df18-784a-4759-9094-b08e71a9342a,google-sheet-muszakpro-foglalasok,,,2026-10-16,wasditus@gmail.com,BUD1_6:45,BUD1,OK-0925_1141-EFOYG,zsolt.elo@jitt.hu,,,,,,,ACTIVE,BOOK,,,{},2026-09-25T09:41:27.345145+00:00,2026-09-25T09:41:27.345145+00:00,2026-09-25T09:41:27.345145+00:00
1f046593-4f9a-4c66-8420-baaf73e594b2,google-sheet-muszakpro-foglalasok,,,2026-10-16,wasditus@gmail.com,BUD1_16:30,BUD1,OK-0925_1141-H0QBA,zsolt.elo@jitt.hu,,,,,,,ACTIVE,BOOK,,,{},2026-09-25T09:41:46.630257+00:00,2026-09-25T09:41:46.630257+00:00,2026-09-25T09:41:46.630257+00:00
e7637086-5687-49e3-8048-8b59f5ad4fae,google-sheet-muszakpro-foglalasok,,,2026-10-17,wasditus@gmail.com,BUD1_11:45,BUD1,OK-0925_1142-02X04,zsolt.elo@jitt.hu,,,,,,,ACTIVE,BOOK,,,{},2026-09-25T09:42:40.18676+00:00,2026-09-25T09:42:40.18676+00:00,2026-09-25T09:42:40.18676+00:00
288eb050-b9c7-469c-a623-d79ecd51b0af,google-sheet-muszakpro-foglalasok,,,2026-10-17,wasditus@gmail.com,BUD1_16:30,BUD1,OK-0925_1142-99FO5,zsolt.elo@jitt.hu,,,,,,,ACTIVE,BOOK,,,{},2026-09-25T09:42:44.208858+00:00,2026-09-25T09:42:44.208858+00:00,2026-09-25T09:42:44.208858+00:00
25ff0553-7471-4f04-a367-0e3d64aa2e2e,google-sheet-muszakpro-foglalasok,,,2026-10-17,wasditus@gmail.com,BUD1_6:45,BUD1,OK-0925_1142-E1W2P,zsolt.elo@jitt.hu,,,,,,,ACTIVE,BOOK,,,{},2026-09-25T09:42:20.476671+00:00,2026-09-25T09:42:20.476671+00:00,2026-09-25T09:42:20.476671+00:00
1a5b16a8-3de4-4db6-86b7-759b5fae60ae,google-sheet-muszakpro-foglalasok,,,2026-10-18,pagemodx@gmail.com,BUD2_16:15,BUD2,OK-0925_0550-S8U2V,zsolt.elo@jitt.hu,,,,,,,ACTIVE,BOOK,,,{},2026-09-25T03:50:46.597925+00:00,2026-09-25T03:50:46.597925+00:00,2026-09-25T03:50:46.597925+00:00
dce43970-411d-4c88-bbf4-864d584bca7e,google-sheet-muszakpro-foglalasok,,,2026-10-18,pagemodx@gmail.com,BUD2_6:30,BUD2,OK-0925_0550-RKYZQ,zsolt.elo@jitt.hu,,,,,,,ACTIVE,BOOK,,,{},2026-09-25T03:50:13.152262+00:00,2026-09-25T03:50:13.152262+00:00,2026-09-25T03:50:13.152262+00:00
43f6872d-1a36-405e-a7f3-78013e2c296a,google-sheet-muszakpro-foglalasok,,,2026-10-18,pagemodx@gmail.com,BUD2_11:30,BUD2,OK-0925_0550-UXQF9,zsolt.elo@jitt.hu,,,,,,,ACTIVE,BOOK,,,{},2026-09-25T03:50:33.705748+00:00,2026-09-25T03:50:33.705748+00:00,2026-09-25T03:50:33.705748+00:00
1f023e1b-aec0-4a07-a685-6360f67deca0,google-sheet-muszakpro-foglalasok,,,2026-10-19,pagemodx@gmail.com,BUD2_7:00,BUD2,OK-0925_0551-5TUUE,zsolt.elo@jitt.hu,,,,,,,ACTIVE,BOOK,,,{},2026-09-25T03:51:03.566857+00:00,2026-09-25T03:51:03.566857+00:00,2026-09-25T03:51:03.566857+00:00
827b0da8-0a55-4675-a0dc-ad74dec43110,google-sheet-muszakpro-foglalasok,,,2026-10-19,pagemodx@gmail.com,BUD2_11:45,BUD2,OK-0925_0551-4GXC5,zsolt.elo@jitt.hu,,,,,,,ACTIVE,BOOK,,,{},2026-09-25T03:51:16.724575+00:00,2026-09-25T03:51:16.724575+00:00,2026-09-25T03:51:16.724575+00:00
1ae77278-1163-4ee3-9348-231c83787e17,google-sheet-muszakpro-foglalasok,,,2026-10-19,pagemodx@gmail.com,BUD2_16:30,BUD2,OK-0925_0551-Z3H6U,zsolt.elo@jitt.hu,,,,,,,ACTIVE,BOOK,,,{},2026-09-25T03:51:26.642357+00:00,2026-09-25T03:51:26.642357+00:00,2026-09-25T03:51:26.642357+00:00
19da4434-20cb-4944-b827-632b23212605,google-sheet-muszakpro-foglalasok,,,2026-10-19,wasditus@gmail.com,BUD1_6:45,BUD1,OK-0925_1143-JK6VY,zsolt.elo@jitt.hu,,,,,,,ACTIVE,BOOK,,,{},2026-09-25T09:43:02.886267+00:00,2026-09-25T09:43:02.886267+00:00,2026-09-25T09:43:02.886267+00:00
803fa7df-3038-42ea-ad9f-6be782e543b6,google-sheet-muszakpro-foglalasok,,,2026-10-19,wasditus@gmail.com,BUD1_11:45,BUD1,OK-0925_1143-OH5HI,zsolt.elo@jitt.hu,,,,,,,ACTIVE,BOOK,,,{},2026-09-25T09:43:19.038662+00:00,2026-09-25T09:43:19.038662+00:00,2026-09-25T09:43:19.038662+00:00
33e3e949-dfba-465e-8c04-9e814a211991,google-sheet-muszakpro-foglalasok,,,2026-10-19,wasditus@gmail.com,BUD1_16:30,BUD1,OK-0925_1143-X8JTQ,zsolt.elo@jitt.hu,,,,,,,ACTIVE,BOOK,,,{},2026-09-25T09:43:22.882819+00:00,2026-09-25T09:43:22.882819+00:00,2026-09-25T09:43:22.882819+00:00
20a6010a-8d05-4123-a892-9880d8c7da57,google-sheet-muszakpro-foglalasok,,,2026-10-19,zkoncsik@gmail.com,BUD2_9:45,BUD2,OK-0925_1639-PAW3Q,,,,,,,,ACTIVE,BOOK,,,{},2026-09-25T14:39:13.597625+00:00,2026-09-25T14:39:13.597625+00:00,2026-09-25T14:39:13.597625+00:00
788c1711-dce8-4673-ad03-28a1db8f8314,google-sheet-muszakpro-foglalasok,,,2026-10-19,zkoncsik@gmail.com,BUD2_4:45,BUD2,OK-0925_1638-U4BS1,,,,,,,,ACTIVE,BOOK,,,{},2026-09-25T14:38:57.997891+00:00,2026-09-25T14:38:57.997891+00:00,2026-09-25T14:38:57.997891+00:00
a61cbb64-1f69-495b-8ba5-1b6eca16aad8,google-sheet-muszakpro-foglalasok,,,2026-10-20,zkoncsik@gmail.com,BUD2_9:45,BUD2,OK-0925_1640-LHLLW,,,,,,,,ACTIVE,BOOK,,,{},2026-09-25T14:40:24.959502+00:00,2026-09-25T14:40:24.959502+00:00,2026-09-25T14:40:24.959502+00:00
770e008a-62e4-4c0c-8863-f49d71f8c273,google-sheet-muszakpro-foglalasok,,,2026-10-20,zkoncsik@gmail.com,BUD2_4:45,BUD2,OK-0925_1640-M0CVL,,,,,,,,ACTIVE,BOOK,,,{},2026-09-25T14:40:21.746622+00:00,2026-09-25T14:40:21.746622+00:00,2026-09-25T14:40:21.746622+00:00
928738e6-19ce-4a23-b4af-42843f0b366e,google-sheet-muszakpro-foglalasok,,,2026-10-21,pagemodx@gmail.com,BUD2_6:00,BUD2,OK-0925_0551-1MGOV,zsolt.elo@jitt.hu,,,,,,,ACTIVE,BOOK,,,{},2026-09-25T03:51:45.393594+00:00,2026-09-25T03:51:45.393594+00:00,2026-09-25T03:51:45.393594+00:00
b9114459-65c4-4895-8f1d-04190a202073,google-sheet-muszakpro-foglalasok,,,2026-10-21,pagemodx@gmail.com,BUD2_11:00,BUD2,OK-0925_0551-T1QCI,zsolt.elo@jitt.hu,,,,,,,ACTIVE,BOOK,,,{},2026-09-25T03:52:00.540771+00:00,2026-09-25T03:52:00.540771+00:00,2026-09-25T03:52:00.540771+00:00
8dc92671-8395-444e-a59b-bc9bb22a6c58,google-sheet-muszakpro-foglalasok,,,2026-10-21,pagemodx@gmail.com,BUD2_15:45,BUD2,OK-0925_0552-QKUMA,zsolt.elo@jitt.hu,,,,,,,ACTIVE,BOOK,,,{},2026-09-25T03:52:05.482963+00:00,2026-09-25T03:52:05.482963+00:00,2026-09-25T03:52:05.482963+00:00
064b7ab3-97cd-4d9d-8bf0-7c6d5ae6cd12,google-sheet-muszakpro-foglalasok,,,2026-10-21,zkoncsik@gmail.com,BUD2_9:45,BUD2,OK-0925_1641-30PY7,,,,,,,,ACTIVE,BOOK,,,{},2026-09-25T14:41:47.928631+00:00,2026-09-25T14:41:47.928631+00:00,2026-09-25T14:41:47.928631+00:00
e9a9d52f-a3d2-4318-ba24-2411a7d3185e,google-sheet-muszakpro-foglalasok,,,2026-10-21,zkoncsik@gmail.com,BUD2_4:45,BUD2,OK-0925_1641-S3SXW,,,,,,,,ACTIVE,BOOK,,,{},2026-09-25T14:41:44.382304+00:00,2026-09-25T14:41:44.382304+00:00,2026-09-25T14:41:44.382304+00:00
17f0ff87-5dbd-4f8d-aacd-e2c6ce614a57,google-sheet-muszakpro-foglalasok,,,2026-10-22,pagemodx@gmail.com,BUD2_11:45,BUD2,OK-0925_0552-H507T,zsolt.elo@jitt.hu,,,,,,,ACTIVE,BOOK,,,{},2026-09-25T03:52:36.543383+00:00,2026-09-25T03:52:36.543383+00:00,2026-09-25T03:52:36.543383+00:00
7fdfae4b-a386-467e-a65b-a79a481af8ac,google-sheet-muszakpro-foglalasok,,,2026-10-22,pagemodx@gmail.com,BUD2_16:30,BUD2,OK-0925_0552-WJP1B,zsolt.elo@jitt.hu,,,,,,,ACTIVE,BOOK,,,{},2026-09-25T03:52:40.328141+00:00,2026-09-25T03:52:40.328141+00:00,2026-09-25T03:52:40.328141+00:00
ebd03cae-6ec5-45ab-83e7-45161153c5e9,google-sheet-muszakpro-foglalasok,,,2026-10-22,pagemodx@gmail.com,BUD2_7:00,BUD2,OK-0925_0552-EO6M4,zsolt.elo@jitt.hu,,,,,,,ACTIVE,BOOK,,,{},2026-09-25T03:52:19.795568+00:00,2026-09-25T03:52:19.795568+00:00,2026-09-25T03:52:19.795568+00:00
c1e0247f-9457-43f9-bf3d-8db0e86deac9,google-sheet-muszakpro-foglalasok,,,2026-10-22,zkoncsik@gmail.com,BUD2_4:45,BUD2,OK-0925_1639-GYIAQ,,,,,,,,ACTIVE,BOOK,,,{},2026-09-25T14:39:35.316311+00:00,2026-09-25T14:39:35.316311+00:00,2026-09-25T14:39:35.316311+00:00
1d9e04f8-6616-4bc9-85ce-7ee14224b91b,google-sheet-muszakpro-foglalasok,,,2026-10-22,zkoncsik@gmail.com,BUD2_9:45,BUD2,OK-0925_1639-GDQGV,,,,,,,,ACTIVE,BOOK,,,{},2026-09-25T14:39:38.883503+00:00,2026-09-25T14:39:38.883503+00:00,2026-09-25T14:39:38.883503+00:00
aea7eed8-90ee-45e5-8c9b-e1ccaef5b299,google-sheet-muszakpro-foglalasok,,,2026-10-24,probi030420@gmail.com,BUD1_14:15,BUD1,OK-0923.0001-LYR5V,zoltan.bagoly@jitt.hu,,,,,,,ACTIVE,BOOK,,,{},2026-09-22T22:01:41.87634+00:00,2026-09-22T22:01:41.87634+00:00,2026-09-22T22:01:41.87634+00:00
3dbef488-4a2a-490d-a199-9c37ff2ce0b6,google-sheet-muszakpro-foglalasok,,,2026-10-24,probi030420@gmail.com,BUD1_19:00,BUD1,OK-0923.0001-VT98J,zoltan.bagoly@jitt.hu,,,,,,,ACTIVE,BOOK,,,{},2026-09-22T22:01:46.544019+00:00,2026-09-22T22:01:46.544019+00:00,2026-09-22T22:01:46.544019+00:00
74217497-948f-42f6-8f98-df7056d22b55,google-sheet-muszakpro-foglalasok,,,2026-10-24,probi030420@gmail.com,BUD1_4:30,BUD1,OK-0923.0001-9WLM7,zoltan.bagoly@jitt.hu,,,,,,,ACTIVE,BOOK,,,{},2026-09-22T22:01:23.26525+00:00,2026-09-22T22:01:23.26525+00:00,2026-09-22T22:01:23.26525+00:00
d47d0e62-9316-40ed-aa88-24646824832e,google-sheet-muszakpro-foglalasok,,,2026-10-24,probi030420@gmail.com,BUD1_9:30,BUD1,OK-0923.0001-9RDXV,zoltan.bagoly@jitt.hu,,,,,,,ACTIVE,BOOK,,,{},2026-09-22T22:01:38.459893+00:00,2026-09-22T22:01:38.459893+00:00,2026-09-22T22:01:38.459893+00:00
fffc566a-5123-437c-b990-61a7e48fe2fe,google-sheet-muszakpro-foglalasok,,,2026-10-24,wasditus@gmail.com,BUD1_11:45,BUD1,OK-0925_1144-KWLDQ,zsolt.elo@jitt.hu,,,,,,,ACTIVE,BOOK,,,{},2026-09-25T09:44:45.13398+00:00,2026-09-25T09:44:45.13398+00:00,2026-09-25T09:44:45.13398+00:00
f3f8be8a-522d-4bf8-a296-95751c0c0bd3,google-sheet-muszakpro-foglalasok,,,2026-10-24,wasditus@gmail.com,BUD1_16:30,BUD1,OK-0925_1144-GT6MR,zsolt.elo@jitt.hu,,,,,,,ACTIVE,BOOK,,,{},2026-09-25T09:44:48.466761+00:00,2026-09-25T09:44:48.466761+00:00,2026-09-25T09:44:48.466761+00:00
d508989b-7dcf-4bce-89e1-2d84ec5ff8e9,google-sheet-muszakpro-foglalasok,,,2026-10-24,wasditus@gmail.com,BUD1_6:45,BUD1,OK-0925_1144-B5B7Q,zsolt.elo@jitt.hu,,,,,,,ACTIVE,BOOK,,,{},2026-09-25T09:44:26.618788+00:00,2026-09-25T09:44:26.618788+00:00,2026-09-25T09:44:26.618788+00:00
677a5ad8-0e1e-4354-838c-9e6bf4acd206,google-sheet-muszakpro-foglalasok,,,2026-10-25,anett.bari@jitt.hu,BUD1_5:00,BUD1,OK-0923.0035-4DWII,zoltan.bagoly@jitt.hu,,,,,,,TÖRÖLVE,DELETE,2026-09-22T22:35:47.598+00:00,zoltan.bagoly@jitt.hu,{},2026-09-22T22:35:09.256606+00:00,2026-09-22T22:35:09.256606+00:00,2026-09-22T22:35:09.256606+00:00
fb13f4ab-29a0-4cfe-ba5f-ca0dcdba40e5,google-sheet-muszakpro-foglalasok,,,2026-10-25,anett.bari@jitt.hu,BUD1_10:00,BUD1,OK-0923.0035-MHQB1,zoltan.bagoly@jitt.hu,,,,,,,TÖRÖLVE,DELETE,2026-09-22T22:35:47.638+00:00,zoltan.bagoly@jitt.hu,{},2026-09-22T22:35:22.657307+00:00,2026-09-22T22:35:22.657307+00:00,2026-09-22T22:35:22.657307+00:00
d026cb03-07d4-4fb4-a63c-2c85a19c983d,google-sheet-muszakpro-foglalasok,,,2026-10-25,pagemodx@gmail.com,BUD2_16:30,BUD2,OK-0925_0553-AC8B7,zsolt.elo@jitt.hu,,,,,,,ACTIVE,BOOK,,,{},2026-09-25T03:53:54.616946+00:00,2026-09-25T03:53:54.616946+00:00,2026-09-25T03:53:54.616946+00:00
c8e76fe5-43ae-4060-8dec-0246908b7bec,google-sheet-muszakpro-foglalasok,,,2026-10-25,pagemodx@gmail.com,BUD2_11:45,BUD2,OK-0925_0553-1PG28,zsolt.elo@jitt.hu,,,,,,,ACTIVE,BOOK,,,{},2026-09-25T03:53:51.314391+00:00,2026-09-25T03:53:51.314391+00:00,2026-09-25T03:53:51.314391+00:00
5f7e056d-7e5c-490a-82f4-45be263c39ad,google-sheet-muszakpro-foglalasok,,,2026-10-25,pagemodx@gmail.com,BUD2_6:45,BUD2,OK-0925_0553-ZOQOZ,zsolt.elo@jitt.hu,,,,,,,ACTIVE,BOOK,,,{},2026-09-25T03:53:18.317386+00:00,2026-09-25T03:53:18.317386+00:00,2026-09-25T03:53:18.317386+00:00
64f6444e-376b-4d6d-a691-095070e6901e,google-sheet-muszakpro-foglalasok,,,2026-10-25,wasditus@gmail.com,BUD1_6:45,BUD1,OK-0925_1145-GDG2M,zsolt.elo@jitt.hu,,,,,,,ACTIVE,BOOK,,,{},2026-09-25T09:45:09.066131+00:00,2026-09-25T09:45:09.066131+00:00,2026-09-25T09:45:09.066131+00:00
32a82fab-f61f-437c-97cf-258ffb3313f8,google-sheet-muszakpro-foglalasok,,,2026-10-25,wasditus@gmail.com,BUD1_16:30,BUD1,OK-0925_1145-DDGXW,zsolt.elo@jitt.hu,,,,,,,ACTIVE,BOOK,,,{},2026-09-25T09:45:29.65697+00:00,2026-09-25T09:45:29.65697+00:00,2026-09-25T09:45:29.65697+00:00
2407a5bd-a85d-47b4-8bfc-e4053f559542,google-sheet-muszakpro-foglalasok,,,2026-10-25,wasditus@gmail.com,BUD1_11:45,BUD1,OK-0925_1145-QFVTY,zsolt.elo@jitt.hu,,,,,,,ACTIVE,BOOK,,,{},2026-09-25T09:45:25.128864+00:00,2026-09-25T09:45:25.128864+00:00,2026-09-25T09:45:25.128864+00:00
0b0ab87e-b248-4b1e-89dd-3b1642f08ca3,google-sheet-muszakpro-foglalasok,,,2026-10-26,pagemodx@gmail.com,BUD2_7:00,BUD2,OK-0925_0554-U63CA,zsolt.elo@jitt.hu,,,,,,,ACTIVE,BOOK,,,{},2026-09-25T03:54:16.922017+00:00,2026-09-25T03:54:16.922017+00:00,2026-09-25T03:54:16.922017+00:00
0d2f8616-039f-459e-a6c1-9c374f9d52a2,google-sheet-muszakpro-foglalasok,,,2026-10-26,pagemodx@gmail.com,BUD2_11:45,BUD2,OK-0925_0554-96EZH,zsolt.elo@jitt.hu,,,,,,,ACTIVE,BOOK,,,{},2026-09-25T03:54:37.393912+00:00,2026-09-25T03:54:37.393912+00:00,2026-09-25T03:54:37.393912+00:00
2ace4d21-7313-4940-afc7-be9aae896284,google-sheet-muszakpro-foglalasok,,,2026-10-26,pagemodx@gmail.com,BUD2_16:30,BUD2,OK-0925_0554-2PME7,zsolt.elo@jitt.hu,,,,,,,ACTIVE,BOOK,,,{},2026-09-25T03:54:41.271585+00:00,2026-09-25T03:54:41.271585+00:00,2026-09-25T03:54:41.271585+00:00
6fb66f17-c739-4238-822a-d62a77d00374,google-sheet-muszakpro-foglalasok,,,2026-10-26,wasditus@gmail.com,BUD1_16:30,BUD1,OK-0925_1146-OCCM0,zsolt.elo@jitt.hu,,,,,,,ACTIVE,BOOK,,,{},2026-09-25T09:46:09.403698+00:00,2026-09-25T09:46:09.403698+00:00,2026-09-25T09:46:09.403698+00:00
c0238757-ac9c-4784-ae2a-1266016920af,google-sheet-muszakpro-foglalasok,,,2026-10-26,wasditus@gmail.com,BUD1_6:45,BUD1,OK-0925_1145-KCVGD,zsolt.elo@jitt.hu,,,,,,,ACTIVE,BOOK,,,{},2026-09-25T09:45:50.499722+00:00,2026-09-25T09:45:50.499722+00:00,2026-09-25T09:45:50.499722+00:00
e2419ad3-09d0-4bb8-ae82-33abf9c6969c,google-sheet-muszakpro-foglalasok,,,2026-10-26,wasditus@gmail.com,BUD1_11:45,BUD1,OK-0925_1146-V2BTY,zsolt.elo@jitt.hu,,,,,,,ACTIVE,BOOK,,,{},2026-09-25T09:46:05.187348+00:00,2026-09-25T09:46:05.187348+00:00,2026-09-25T09:46:05.187348+00:00
b321a016-006e-4ece-a86b-a1e3d1c19974,google-sheet-muszakpro-foglalasok,,,2026-10-26,zkoncsik@gmail.com,BUD2_9:45,BUD2,OK-0925_1639-T9WKV,,,,,,,,ACTIVE,BOOK,,,{},2026-09-25T14:39:17.009259+00:00,2026-09-25T14:39:17.009259+00:00,2026-09-25T14:39:17.009259+00:00
2d4a96bd-5bbb-4a45-8fbe-a38a4ea39955,google-sheet-muszakpro-foglalasok,,,2026-10-26,zkoncsik@gmail.com,BUD2_4:45,BUD2,OK-0925_1639-J396H,,,,,,,,ACTIVE,BOOK,,,{},2026-09-25T14:39:20.205412+00:00,2026-09-25T14:39:20.205412+00:00,2026-09-25T14:39:20.205412+00:00
dedff387-9081-4655-994e-727564988ff8,google-sheet-muszakpro-foglalasok,,,2026-10-27,zkoncsik@gmail.com,BUD2_9:45,BUD2,OK-0925_1640-KACII,,,,,,,,ACTIVE,BOOK,,,{},2026-09-25T14:40:16.920982+00:00,2026-09-25T14:40:16.920982+00:00,2026-09-25T14:40:16.920982+00:00
2702998d-d1aa-4392-962e-197c6e33ec4f,google-sheet-muszakpro-foglalasok,,,2026-10-27,zkoncsik@gmail.com,BUD2_4:45,BUD2,OK-0925_1640-Z5T0K,,,,,,,,ACTIVE,BOOK,,,{},2026-09-25T14:40:13.218988+00:00,2026-09-25T14:40:13.218988+00:00,2026-09-25T14:40:13.218988+00:00
fb3acc87-1786-441e-9106-a5abccb0f0ad,google-sheet-muszakpro-foglalasok,,,2026-10-28,zkoncsik@gmail.com,BUD2_9:45,BUD2,OK-0925_1644-7Q8XB,,,,,,,,ACTIVE,BOOK,,,{},2026-09-25T14:44:03.975682+00:00,2026-09-25T14:44:03.975682+00:00,2026-09-25T14:44:03.975682+00:00
1713f88d-78fb-49ed-9c40-35bbc435a7c5,google-sheet-muszakpro-foglalasok,,,2026-10-28,zkoncsik@gmail.com,BUD2_4:45,BUD2,OK-0925_1643-CBADQ,,,,,,,,ACTIVE,BOOK,,,{},2026-09-25T14:43:58.706161+00:00,2026-09-25T14:43:58.706161+00:00,2026-09-25T14:43:58.706161+00:00
91b2107f-cdc5-4794-881d-aaa6d192fb3c,google-sheet-muszakpro-foglalasok,,,2026-10-29,pagemodx@gmail.com,BUD2_5:30,BUD2,OK-0925_0555-GTQW8,zsolt.elo@jitt.hu,,,,,,,ACTIVE,BOOK,,,{},2026-09-25T03:55:32.312086+00:00,2026-09-25T03:55:32.312086+00:00,2026-09-25T03:55:32.312086+00:00
41e42ddc-36f3-4e99-a45d-08630461e877,google-sheet-muszakpro-foglalasok,,,2026-10-29,pagemodx@gmail.com,BUD2_15:15,BUD2,OK-0925_0555-A6F5H,zsolt.elo@jitt.hu,,,,,,,ACTIVE,BOOK,,,{},2026-09-25T03:55:59.65858+00:00,2026-09-25T03:55:59.65858+00:00,2026-09-25T03:55:59.65858+00:00
9a7a73cd-aef9-461b-94d1-42b865f9541b,google-sheet-muszakpro-foglalasok,,,2026-10-29,pagemodx@gmail.com,BUD2_10:30,BUD2,OK-0925_0555-MA18E,zsolt.elo@jitt.hu,,,,,,,ACTIVE,BOOK,,,{},2026-09-25T03:55:55.304683+00:00,2026-09-25T03:55:55.304683+00:00,2026-09-25T03:55:55.304683+00:00
5c9a56a4-7ac8-45aa-8c67-7bf56b190d01,google-sheet-muszakpro-foglalasok,,,2026-10-29,zkoncsik@gmail.com,BUD2_4:45,BUD2,OK-0925_1639-LLTCC,,,,,,,,ACTIVE,BOOK,,,{},2026-09-25T14:39:47.814128+00:00,2026-09-25T14:39:47.814128+00:00,2026-09-25T14:39:47.814128+00:00
6aab8555-4e4a-4024-9d29-4ed3cc04f632,google-sheet-muszakpro-foglalasok,,,2026-10-29,zkoncsik@gmail.com,BUD2_9:45,BUD2,OK-0925_1639-3LX8Q,,,,,,,,ACTIVE,BOOK,,,{},2026-09-25T14:39:52.307258+00:00,2026-09-25T14:39:52.307258+00:00,2026-09-25T14:39:52.307258+00:00
41ef698b-924a-4822-a871-8ea745f0e75e,google-sheet-muszakpro-foglalasok,,,2026-10-30,pagemodx@gmail.com,BUD2_11:45,BUD2,OK-0925_0556-NDZBY,zsolt.elo@jitt.hu,,,,,,,ACTIVE,BOOK,,,{},2026-09-25T03:56:33.133042+00:00,2026-09-25T03:56:33.133042+00:00,2026-09-25T03:56:33.133042+00:00
17a3ebd0-e0d4-4b58-8e92-94e2553a1ea5,google-sheet-muszakpro-foglalasok,,,2026-10-30,pagemodx@gmail.com,BUD2_16:30,BUD2,OK-0925_0556-VIPP8,zsolt.elo@jitt.hu,,,,,,,ACTIVE,BOOK,,,{},2026-09-25T03:56:36.597831+00:00,2026-09-25T03:56:36.597831+00:00,2026-09-25T03:56:36.597831+00:00
a6a9a470-8e0e-4647-9e19-11029ad365e2,google-sheet-muszakpro-foglalasok,,,2026-10-30,pagemodx@gmail.com,BUD2_7:00,BUD2,OK-0925_0556-D2BP7,zsolt.elo@jitt.hu,,,,,,,ACTIVE,BOOK,,,{},2026-09-25T03:56:17.984282+00:00,2026-09-25T03:56:17.984282+00:00,2026-09-25T03:56:17.984282+00:00
ec351fc4-6f09-476a-b887-bb009c7b08c3,google-sheet-muszakpro-foglalasok,,,2026-10-30,wasditus@gmail.com,BUD1_11:45,BUD1,OK-0925_1146-BETQ1,zsolt.elo@jitt.hu,,,,,,,ACTIVE,BOOK,,,{},2026-09-25T09:46:39.886929+00:00,2026-09-25T09:46:39.886929+00:00,2026-09-25T09:46:39.886929+00:00
f9f679f0-3018-44e6-8249-811b84ad9859,google-sheet-muszakpro-foglalasok,,,2026-10-30,wasditus@gmail.com,BUD1_6:45,BUD1,OK-0925_1146-46GTT,zsolt.elo@jitt.hu,,,,,,,ACTIVE,BOOK,,,{},2026-09-25T09:46:22.484718+00:00,2026-09-25T09:46:22.484718+00:00,2026-09-25T09:46:22.484718+00:00
20ad1130-9b80-41d4-8b4b-7827982ca798,google-sheet-muszakpro-foglalasok,,,2026-10-30,wasditus@gmail.com,BUD1_16:30,BUD1,OK-0925_1146-Y88WO,zsolt.elo@jitt.hu,,,,,,,ACTIVE,BOOK,,,{},2026-09-25T09:46:43.46777+00:00,2026-09-25T09:46:43.46777+00:00,2026-09-25T09:46:43.46777+00:00
366752cd-732b-4430-a62a-b9aa3c36292f,google-sheet-muszakpro-foglalasok,,,2026-10-30,zkoncsik@gmail.com,BUD2_4:45,BUD2,OK-0925_1642-6II1I,,,,,,,,ACTIVE,BOOK,,,{},2026-09-25T14:42:10.691275+00:00,2026-09-25T14:42:10.691275+00:00,2026-09-25T14:42:10.691275+00:00
31689025-6d27-4631-8fd5-865e89e0612d,google-sheet-muszakpro-foglalasok,,,2026-10-30,zkoncsik@gmail.com,BUD2_9:45,BUD2,OK-0925_1642-WFK8D,,,,,,,,ACTIVE,BOOK,,,{},2026-09-25T14:42:28.236417+00:00,2026-09-25T14:42:28.236417+00:00,2026-09-25T14:42:28.236417+00:00
77d8eb58-98df-4260-a6e4-e9fff6c6285b,google-sheet-muszakpro-foglalasok,,,2026-10-31,wasditus@gmail.com,BUD1_16:30,BUD1,OK-0925_1147-E7B7M,zsolt.elo@jitt.hu,,,,,,,ACTIVE,BOOK,,,{},2026-09-25T09:47:30.85415+00:00,2026-09-25T09:47:30.85415+00:00,2026-09-25T09:47:30.85415+00:00
07b7fa85-6ed0-42ac-975b-7cf18881fa88,google-sheet-muszakpro-foglalasok,,,2026-10-31,wasditus@gmail.com,BUD1_6:45,BUD1,OK-0925_1147-RMUF7,zsolt.elo@jitt.hu,,,,,,,ACTIVE,BOOK,,,{},2026-09-25T09:47:10.485389+00:00,2026-09-25T09:47:10.485389+00:00,2026-09-25T09:47:10.485389+00:00
6d382081-f3de-4e85-b61f-0c034f9da23d,google-sheet-muszakpro-foglalasok,,,2026-10-31,wasditus@gmail.com,BUD1_11:45,BUD1,OK-0925_1147-VTFMQ,zsolt.elo@jitt.hu,,,,,,,ACTIVE,BOOK,,,{},2026-09-25T09:47:26.418415+00:00,2026-09-25T09:47:26.418415+00:00,2026-09-25T09:47:26.418415+00:00
